ranging.distance0,ranging.distance1,ranging.distance2,ranging.distance3,ranging.distance4,ranging.distance5
1.4625438451766968,1.4657787084579468,0.9801703095436096,0.0,0.8979433178901672,0.7613392472267151
1.441715121269226,1.4657787084579468,0.8852437138557434,0.0,0.9532224535942078,0.7990574836730957
1.5205026865005493,1.4928783178329468,0.8780242204666138,0.0,0.955094039440155,0.7990574836730957
1.4817430973052979,1.509524941444397,0.8526315093040466,0.0,0.955094039440155,0.7885733842849731
1.4817430973052979,0.9277900457382202,0.92496657371521,0.0,0.9715806245803833,0.8345881700515747
1.4879144430160522,0.9552364945411682,0.8971315622329712,0.0,1.0111593008041382,0.8345881700515747
1.4612590074539185,0.9552364945411682,0.9173796772956848,0.0,1.0222605466842651,0.8369564414024353
1.4612590074539185,1.044075846672058,0.9027388691902161,0.0,1.0154540538787842,0.8867090344429016
1.4763604402542114,1.044075846672058,0.9264054894447327,0.0,1.068159580230713,0.8485980033874512
1.422170877456665,1.1565027236938477,0.9983805418014526,0.0,1.0750433206558228,0.9271786212921143
1.4566093683242798,1.2428392171859741,0.9709315896034241,0.0,1.0750433206558228,0.9541290402412415
1.391379952430725,1.2428392171859741,1.0575731992721558,0.0,1.0306789875030518,0.9242439866065979
1.5235977172851562,1.2428392171859741,0.9454449415206909,0.0,1.1212362051010132,0.958827793598175
1.4483200311660767,1.2428392171859741,0.9336987733840942,0.0,1.1212362051010132,1.0140247344970703
1.364288330078125,1.2137714624404907,0.9194590449333191,0.0,1.1212362051010132,1.0610723495483398
1.3754386901855469,1.1747881174087524,1.000117301940918,0.0,1.2004735469818115,1.0636284351348877
1.3444527387619019,1.2083423137664795,0.9518833756446838,0.0,1.1044111251831055,1.1087212562561035
1.4348738193511963,1.1962302923202515,1.005470871925354,0.0,1.1359202861785889,1.0809085369110107
1.321972370147705,1.204599142074585,0.9756006002426147,0.0,1.1388795375823975,1.3247954845428467
1.4380892515182495,1.1902004480361938,1.0041303634643555,0.0,1.1388795375823975,1.314637541770935
1.3246591091156006,1.167932152748108,0.9760273098945618,0.0,1.3504765033721924,1.314637541770935
1.3324050903320312,1.1611162424087524,1.0265241861343384,0.0,1.142499566078186,1.2737400531768799
1.3415625095367432,1.1688307523727417,1.0299293994903564,0.0,1.142499566078186,1.2264670133590698
1.3327375650405884,1.170907735824585,1.0318864583969116,0.0,1.1477787494659424,1.2264670133590698
1.4971582889556885,1.170907735824585,1.0266387462615967,0.0,1.2670503854751587,1.3349533081054688
1.3558660745620728,1.1688436269760132,1.0620778799057007,0.0,1.426053762435913,1.3349533081054688
1.3211054801940918,1.1732397079467773,1.0620778799057007,0.0,1.6091468334197998,1.2208492755889893
1.351675271987915,1.1732397079467773,1.0304151773452759,0.0,1.2062089443206787,1.5004079341888428
1.379563331604004,1.1850625276565552,1.053536295890808,0.0,1.4758026599884033,1.540902018547058
1.3281644582748413,1.1842097043991089,1.053536295890808,0.0,1.4758026599884033,1.448688268661499
1.331068992614746,1.2140815258026123,1.0292844772338867,0.0,1.3195220232009888,1.5233327150344849
1.377000093460083,1.2002825736999512,1.0207037925720215,0.0,1.4054489135742188,1.5884007215499878
1.377000093460083,1.228512167930603,0.9683074951171875,0.0,1.7621843814849854,1.6182657480239868
1.502851128578186,1.2409844398498535,0.9858219027519226,0.0,1.4518550634384155,1.6034374237060547
1.3492224216461182,1.2030231952667236,0.9577937126159668,0.0,1.6436610221862793,1.5956624746322632
1.383049726486206,1.2177484035491943,0.9841984510421753,0.0,1.6436610221862793,1.561109185218811
1.381805181503296,1.190558671951294,0.9624335765838623,0.0,1.5620331764221191,1.5748628377914429
1.4181499481201172,1.2709614038467407,1.0576883554458618,0.0,1.5620331764221191,1.5748628377914429
1.4762433767318726,1.2709614038467407,1.0576883554458618,0.0,1.5018820762634277,1.5142818689346313
1.4623095989227295,1.2501025199890137,0.966658890247345,0.0,1.4799071550369263,1.5132461786270142
1.4411687850952148,1.2611016035079956,0.954811155796051,0.0,1.4772026538848877,1.5132461786270142
1.4997912645339966,1.438105583190918,0.9296201467514038,0.0,1.459789514541626,1.5570006370544434
1.521138072013855,1.438105583190918,0.9536519050598145,0.0,1.4056448936462402,1.2457072734832764
1.6641894578933716,1.2703959941864014,0.9018350839614868,0.0,1.4056448936462402,1.2457072734832764
1.606247901916504,1.2703959941864014,0.9160367250442505,0.0,1.2370877265930176,1.2457072734832764
1.7286330461502075,1.2388478517532349,0.9084156155586243,0.0,1.2370877265930176,0.9001933336257935
1.7286330461502075,1.393885850906372,0.8623793721199036,0.0,1.1975969076156616,0.9545371532440186
1.8298734426498413,1.341222882270813,0.8867975473403931,0.0,1.1464461088180542,1.0025452375411987
1.843833327293396,1.3191472291946411,0.8554519414901733,0.0,1.1455069780349731,1.042368769645691
1.843833327293396,1.3975155353546143,0.8597277402877808,0.0,1.1915581226348877,1.1224123239517212
1.7128064632415771,1.3975155353546143,0.8713597655296326,0.0,1.1783599853515625,1.1728566884994507
1.7128064632415771,1.4382916688919067,0.8689329028129578,0.0,1.137880802154541,1.1538554430007935
1.6050806045532227,1.4267839193344116,0.8375627994537354,0.0,1.1332098245620728,1.2287182807922363
1.6092543601989746,1.4626232385635376,0.8683019876480103,0.0,1.1324245929718018,1.121750831604004
1.6773260831832886,1.420453667640686,0.8546260595321655,0.0,1.1033377647399902,1.102227807044983
1.6997877359390259,1.4552730321884155,0.8303126096725464,0.0,1.0872128009796143,1.1312776803970337
1.6740293502807617,1.4771915674209595,0.8303126096725464,0.0,1.1107383966445923,1.0469717979431152
1.6740293502807617,1.4941171407699585,0.8788502216339111,0.0,1.0048046112060547,1.0072330236434937
1.7453404664993286,1.5786393880844116,0.7874728441238403,0.0,1.0344319343566895,1.0072330236434937
1.7840752601623535,1.606912612915039,0.7787944674491882,0.0,0.9852102398872375,1.2924003601074219
1.8856256008148193,1.6476949453353882,0.8103036880493164,0.0,0.9918864369392395,1.2364888191223145
2.01594614982605,1.689313292503357,0.9004175066947937,0.0,0.9566735029220581,1.1695436239242554
2.0792086124420166,1.778475046157837,0.8838710188865662,0.0,0.8955573439598083,1.2630751132965088
1.3907344341278076,1.778475046157837,0.8838710188865662,0.0,0.9113175868988037,1.356353759765625
1.3907344341278076,1.7032276391983032,0.9507749080657959,0.0,0.8873885273933411,0.9855329990386963
1.480252742767334,1.7032276391983032,0.9518197774887085,0.0,0.9249878525733948,1.0311940908432007
1.58549964427948,1.4957704544067383,0.946497917175293,0.0,0.8718071579933167,0.9726722836494446
1.6231279373168945,1.4957704544067383,1.0110583305358887,0.0,0.8793833255767822,1.1027876138687134
1.694342017173767,1.587162733078003,1.0315301418304443,0.0,0.8307427167892456,1.1027876138687134
1.6588668823242188,1.645704984664917,1.0253585577011108,0.0,0.942354679107666,1.05460786819458
1.67039155960083,1.6421501636505127,1.0528481006622314,0.0,0.9588353633880615,1.05460786819458
1.6881089210510254,1.6450207233428955,1.0586844682693481,0.0,0.8272693157196045,1.0425416231155396
1.6967368125915527,1.6963856220245361,1.0810335874557495,0.0,0.8590832948684692,1.0691243410110474
1.7369588613510132,1.7231676578521729,1.0918974876403809,0.0,0.8355234861373901,1.0915045738220215
1.7684028148651123,1.7231676578521729,1.1391037702560425,0.0,0.8332775235176086,1.1069790124893188
1.7384616136550903,1.7615936994552612,1.0992177724838257,0.0,0.8465232849121094,1.0865614414215088
1.7600950002670288,1.785174012184143,1.0747191905975342,0.0,0.8319681286811829,1.1230015754699707
1.797832727432251,1.785174012184143,1.0984693765640259,0.0,0.826429009437561,1.1342722177505493
1.8026257753372192,1.7939027547836304,1.0984693765640259,0.0,0.8256193399429321,1.2286149263381958
1.8299213647842407,1.868275761604309,1.0698161125183105,0.0,0.7963721752166748,1.2286149263381958
1.8497884273529053,1.8784083127975464,1.096625566482544,0.0,0.8266754150390625,1.2803972959518433
1.8436224460601807,1.8765193223953247,1.13530695438385,0.0,0.8140869140625,1.2803972959518433
1.9169832468032837,1.8765193223953247,1.113423466682434,0.0,0.766563892364502,1.2803972959518433
1.852267861366272,1.9302853345870972,1.113423466682434,0.0,0.7685178518295288,1.3141536712646484
1.852267861366272,1.9572566747665405,1.166637897491455,0.0,0.8076509833335876,1.3970623016357422
1.859421730041504,1.9508724212646484,1.166637897491455,0.0,0.7790201902389526,1.3970623016357422
1.8719407320022583,1.939863920211792,1.1909422874450684,0.0,0.7602593898773193,1.35906183719635
1.8468130826950073,1.9492820501327515,1.2423452138900757,0.0,0.7884456515312195,1.4060899019241333
1.89087975025177,2.04754376411438,1.2400730848312378,0.0,0.7550181150436401,1.4117259979248047
1.89087975025177,1.9832700490951538,1.247471809387207,0.0,0.799548864364624,1.483110785484314
1.8546557426452637,2.0020322799682617,1.2482128143310547,0.0,0.7635849714279175,1.4721615314483643
1.8940610885620117,2.0020322799682617,1.2315860986709595,0.0,0.7778395414352417,1.458374261856079
1.9123438596725464,2.0078563690185547,1.3105140924453735,0.0,0.74940025806427,1.4860947132110596
1.9177751541137695,2.0078563690185547,1.3105140924453735,0.0,0.7596116662025452,1.5281294584274292
1.947036862373352,2.0215985774993896,1.3711665868759155,0.0,0.7297924757003784,1.532728910446167
1.947036862373352,2.0215985774993896,1.3143894672393799,0.0,0.7350022196769714,1.5513852834701538
1.9498578310012817,2.0406782627105713,1.3143894672393799,0.0,0.7729922533035278,1.5513852834701538
1.9203169345855713,2.0364954471588135,1.4124000072479248,0.0,0.8162623047828674,1.6210004091262817
1.9323806762695312,2.0364954471588135,1.4277423620224,0.0,0.7320662140846252,1.6210004091262817
1.9372459650039673,2.0716800689697266,1.4610528945922852,0.0,0.7568348050117493,1.0739418268203735
1.9298628568649292,2.0892343521118164,1.448997974395752,0.0,0.7504491806030273,1.0739418268203735
1.9451303482055664,2.094701051712036,1.485153317451477,0.0,0.7088902592658997,1.4412212371826172
1.9451303482055664,2.094701051712036,1.5048401355743408,0.0,0.6847246885299683,1.0222448110580444
1.9669910669326782,2.095876932144165,1.5075409412384033,0.0,0.7703104019165039,0.9898710250854492
1.9463493824005127,2.1657841205596924,1.5304820537567139,0.0,0.724097490310669,1.0572657585144043
1.960125207901001,2.5063059329986572,1.5884813070297241,0.0,0.7612289190292358,1.0572657585144043
1.994446039199829,2.3182404041290283,1.5969178676605225,0.0,0.7730029821395874,0.9825002551078796
1.9733812808990479,2.8606364727020264,1.597977638244629,0.0,0.7730029821395874,0.9825002551078796
1.971440076828003,2.914881944656372,1.597977638244629,0.0,0.6915888786315918,1.001739740371704
1.9908121824264526,3.262918710708618,1.654044508934021,0.0,0.664856493473053,1.096505045890808
1.9753944873809814,2.916865110397339,1.654044508934021,0.0,0.696275532245636,1.0942480564117432
1.9836523532867432,2.916865110397339,1.6602617502212524,0.0,0.6939767003059387,1.1036887168884277
1.9855759143829346,2.415288209915161,1.704555869102478,0.0,0.697078287601471,1.190046787261963
1.9841532707214355,2.415288209915161,1.7583352327346802,0.0,0.7323753833770752,1.190046787261963
2.0150551795959473,2.415288209915161,1.7359511852264404,0.0,0.711669385433197,1.190046787261963
2.0310800075531006,2.559178352355957,1.7359511852264404,0.0,0.7327476143836975,1.3614380359649658
2.0192854404449463,2.506920337677002,1.7737890481948853,0.0,0.7318798899650574,1.355615258216858
2.0424866676330566,2.506920337677002,1.8096498250961304,0.0,0.7059943079948425,1.3714553117752075
2.0352783203125,2.6145455837249756,1.8404334783554077,0.0,0.7059943079948425,1.4242281913757324
2.042863130569458,2.6277921199798584,1.8369289636611938,0.0,0.702951967716217,1.3503978252410889
2.0356926918029785,2.6277921199798584,1.833659052848816,0.0,0.7848219871520996,1.355607509613037
2.0356926918029785,2.677622079849243,1.833659052848816,0.0,0.7180706858634949,1.3523361682891846
2.0323269367218018,2.6377174854278564,1.8888384103775024,0.0,0.7154274582862854,1.3523361682891846
2.060169219970703,2.6377174854278564,1.881954550743103,0.0,0.7154274582862854,1.3523361682891846
2.060169219970703,2.6547462940216064,1.9289233684539795,0.0,0.7267764806747437,1.2593774795532227
2.060169219970703,2.6117091178894043,1.9289233684539795,0.0,0.7361092567443848,1.268659234046936
2.047365665435791,2.588254928588867,1.9548238515853882,0.0,0.8086506724357605,1.2703514099121094
2.0793838500976562,2.6017353534698486,1.9573495388031006,0.0,0.726729154586792,1.249513030052185
2.0557870864868164,2.6017353534698486,1.9669785499572754,0.0,0.7185782194137573,1.3039790391921997
2.092447280883789,2.6651761531829834,1.9914685487747192,0.0,0.7320323586463928,1.3039790391921997
2.134739637374878,2.648231029510498,1.9925382137298584,0.0,0.6690863370895386,1.3060158491134644
2.10845947265625,2.648390054702759,1.980940580368042,0.0,0.669937252998352,1.3216979503631592
2.099992036819458,2.6860885620117188,1.9877134561538696,0.0,0.6716247200965881,1.2825230360031128
2.129110097885132,2.730607748031616,2.0139970779418945,0.0,0.6699395775794983,1.2825230360031128
2.129110097885132,2.7142655849456787,2.0121266841888428,0.0,0.6835041046142578,1.281182050704956
2.129110097885132,2.729461908340454,2.020385980606079,0.0,0.6884952187538147,1.281182050704956
2.0798118114471436,2.729461908340454,2.041576862335205,0.0,0.6676104664802551,1.2678059339523315
2.0798118114471436,2.729461908340454,2.0025079250335693,0.0,0.7736937999725342,1.269884705543518
2.0946807861328125,2.6922452449798584,2.002720355987549,0.0,0.6227357387542725,1.269884705543518
2.0946807861328125,2.6903507709503174,1.9988043308258057,0.0,0.6629163026809692,1.1922483444213867
2.0272696018218994,2.7177605628967285,1.9988043308258057,0.0,0.6265097260475159,1.1586312055587769
1.9584699869155884,2.680910110473633,1.9988043308258057,0.0,0.6197123527526855,1.1667828559875488
1.9584699869155884,2.6507749557495117,1.9674699306488037,0.0,0.5932131409645081,1.1667828559875488
1.976637840270996,2.623323917388916,1.9674699306488037,0.0,0.6673924326896667,1.1123396158218384
1.8895350694656372,2.580101490020752,1.988059639930725,0.0,0.6535868048667908,1.0538547039031982
1.8447537422180176,2.587230682373047,1.9383677244186401,0.0,0.5343204140663147,1.0387206077575684
1.8447537422180176,2.5505807399749756,1.9440813064575195,0.0,0.5458273887634277,0.990350067615509
1.8447537422180176,2.5329504013061523,1.9426313638687134,0.0,0.5714884996414185,0.9823480248451233
1.8447537422180176,2.5152084827423096,1.9242547750473022,0.0,0.5381000638008118,0.9581016302108765
1.7693767547607422,2.4854886531829834,1.8937451839447021,0.0,0.46048420667648315,0.9581016302108765
1.7218073606491089,2.489135980606079,1.8920918703079224,0.0,0.47508493065834045,0.8966697454452515
1.6767395734786987,2.4066219329833984,1.8821848630905151,0.0,0.47508493065834045,0.8916342854499817
1.6767395734786987,2.4427008628845215,1.872888445854187,0.0,0.47780025005340576,0.846984326839447
1.62874436378479,2.4011213779449463,1.9036489725112915,0.0,0.4411011040210724,0.8684059381484985
1.6267120838165283,2.4011213779449463,1.8948345184326172,0.0,0.45358940958976746,0.8461207747459412
1.6243786811828613,2.4011213779449463,1.8798240423202515,0.0,0.46063318848609924,0.7938295602798462
1.5693658590316772,2.3324813842773438,1.882777452468872,0.0,0.4407883882522583,0.7938295602798462
1.5005689859390259,2.3324813842773438,1.8684017658233643,0.0,0.4407883882522583,0.7938295602798462
1.5135610103607178,2.3324813842773438,1.8684017658233643,0.0,0.4407883882522583,0.7326497435569763
1.5135610103607178,2.3677818775177,1.8647034168243408,0.0,0.49869638681411743,0.6928572654724121
1.492475986480713,2.3127782344818115,1.8188037872314453,0.0,0.5224384069442749,0.686202347278595
1.4538295269012451,2.3127782344818115,1.8120417594909668,0.0,0.5217830538749695,0.7067641615867615
1.429960012435913,2.2564525604248047,1.8318098783493042,0.0,0.5681847929954529,0.6424826979637146
1.4353948831558228,2.2564525604248047,1.8027935028076172,0.0,0.5191518664360046,0.6612427234649658
1.467787742614746,2.216590404510498,1.8128465414047241,0.0,0.5191518664360046,0.6612427234649658
1.467787742614746,2.1782264709472656,1.8128465414047241,0.0,0.5117521286010742,0.5956186652183533
1.314481496810913,2.205502510070801,1.8259369134902954,0.0,0.5033941864967346,0.5956186652183533
1.2788853645324707,2.154268741607666,1.8259369134902954,0.0,0.46988746523857117,0.6136391758918762
1.2770044803619385,2.154268741607666,1.8010532855987549,0.0,0.5040597319602966,0.6136391758918762
1.2354049682617188,2.1452085971832275,1.832785725593567,0.0,0.5040597319602966,0.5348835587501526
1.1825159788131714,2.1452085971832275,1.8337234258651733,0.0,0.5146071910858154,0.5402149558067322
1.2734794616699219,2.151477336883545,1.8017462491989136,0.0,0.5472267866134644,0.533219575881958
1.175494909286499,2.1262056827545166,1.8017462491989136,0.0,0.5380751490592957,0.536710262298584
1.111161231994629,2.1262056827545166,1.7614556550979614,0.0,0.558966875076294,0.4926678240299225
1.1203687191009521,2.1262056827545166,1.7614556550979614,0.0,0.564916729927063,0.5079012513160706
1.1422466039657593,2.0860755443573,1.7975153923034668,0.0,0.536841630935669,0.5048460364341736
1.1114925146102905,2.0840697288513184,1.7975153923034668,0.0,0.5759963393211365,0.5121963620185852
1.0394264459609985,2.105194568634033,1.803134560585022,0.0,0.5719859600067139,0.46392062306404114
1.1829849481582642,2.0998566150665283,1.803134560585022,0.0,0.6642405390739441,0.4921223223209381
1.0180153846740723,2.0885729789733887,1.803134560585022,0.0,0.5870726704597473,0.5652669072151184
1.0030173063278198,2.0885729789733887,1.829609990119934,0.0,0.5870726704597473,0.619325578212738
1.0017491579055786,2.0885729789733887,1.8035014867782593,0.0,0.6165738105773926,0.6704505085945129
0.9739485383033752,2.0885729789733887,1.8222688436508179,0.0,0.6338475942611694,0.580513060092926
1.0507067441940308,1.9896924495697021,1.8222688436508179,0.0,0.6860195398330688,0.46219873428344727
0.9607542157173157,1.9896924495697021,1.8325265645980835,0.0,0.6847357749938965,0.48460716009140015
0.9664987325668335,1.9570976495742798,1.8037744760513306,0.0,0.7113048434257507,0.4908796548843384
0.9184264540672302,1.9570976495742798,1.8322556018829346,0.0,0.6797680854797363,0.4487016499042511
0.9189328551292419,1.9413686990737915,1.8286702632904053,0.0,0.67695552110672,0.5319288372993469
0.9473906755447388,1.9413686990737915,1.796500563621521,0.0,0.7283784747123718,0.5034893751144409
1.0124934911727905,1.9413686990737915,1.7978167533874512,0.0,0.6806888580322266,0.6021509766578674
0.9297499060630798,1.9362701177597046,1.8286057710647583,0.0,0.6810098886489868,0.5085330605506897
0.9244767427444458,1.9148662090301514,1.775265097618103,0.0,0.6810098886489868,0.49228227138519287
0.8982987999916077,1.9061005115509033,1.8198051452636719,0.0,0.6977808475494385,0.4814535081386566
0.8982987999916077,1.892429232597351,1.7275351285934448,0.0,0.6884951591491699,0.47730934619903564
0.9248563051223755,1.8513309955596924,1.7556506395339966,0.0,0.7041599750518799,0.5500220656394958
0.9248563051223755,1.8513309955596924,1.7494902610778809,0.0,0.6694803833961487,0.5550141334533691
0.9332304000854492,1.901675820350647,1.6983497142791748,0.0,0.6694803833961487,0.5246641039848328
0.9332304000854492,1.901675820350647,1.7212300300598145,0.0,0.6600503325462341,0.6240840554237366
0.9553894996643066,1.901675820350647,1.6664984226226807,0.0,0.656426191329956,0.5455411672592163
0.9672930240631104,1.901675820350647,1.683706283569336,0.0,0.6434752941131592,0.5546422600746155
0.946073055267334,1.8464031219482422,1.7204629182815552,0.0,0.6836519837379456,0.5862112045288086
0.9679552316665649,1.8707350492477417,1.6734510660171509,0.0,0.6836519837379456,0.5845443606376648
0.9527073502540588,1.7799299955368042,1.6013187170028687,0.0,0.6382266879081726,0.5982528328895569
0.9794017672538757,1.8708007335662842,1.6203694343566895,0.0,0.6456778049468994,0.6134881377220154
0.9924314022064209,1.8708007335662842,1.5425070524215698,0.0,0.6863257884979248,0.6461346745491028
0.9970148801803589,1.8708007335662842,1.5612571239471436,0.0,0.6863257884979248,0.6461346745491028
1.0095937252044678,1.8804625272750854,1.5171507596969604,0.0,0.7466846704483032,0.7231482863426208
1.0095937252044678,1.7821033000946045,1.4589871168136597,0.0,0.8094874620437622,0.7231482863426208
1.0868507623672485,1.825961947441101,1.4730141162872314,0.0,0.8788154125213623,0.5437034964561462
1.068096399307251,1.7490063905715942,1.4531794786453247,0.0,0.8798773288726807,0.5437034964561462
1.0965365171432495,1.7940380573272705,1.4536559581756592,0.0,0.9489365816116333,0.5613771080970764
1.086453914642334,1.7686896324157715,1.4199917316436768,0.0,0.9083439111709595,0.5663200616836548
1.123889684677124,1.715508222579956,1.4128397703170776,0.0,0.9186587929725647,0.561983048915863
1.0891015529632568,1.7643142938613892,1.4128397703170776,0.0,0.9186587929725647,0.5651983022689819
1.1353105306625366,1.6893093585968018,1.3819043636322021,0.0,0.9186587929725647,0.6101157665252686
1.1353105306625366,1.6734215021133423,1.3494962453842163,0.0,0.9073576331138611,0.6197823882102966
1.110150694847107,1.6130671501159668,1.337274193763733,0.0,0.9470019340515137,0.5930405855178833
1.1300548315048218,1.671095848083496,1.3464525938034058,0.0,1.0174992084503174,0.62022864818573
1.119272232055664,1.6277384757995605,1.3298803567886353,0.0,1.2168247699737549,0.6191766858100891
1.1399462223052979,1.6191792488098145,1.2880504131317139,0.0,0.6976027488708496,0.6053303480148315
1.4262479543685913,1.5954686403274536,1.2880504131317139,0.0,0.6136828660964966,0.6116132736206055
1.1393296718597412,1.5954686403274536,1.2251633405685425,0.0,0.5731627941131592,0.6183345913887024
1.1478098630905151,1.5954686403274536,1.2017220258712769,0.0,0.6382970809936523,0.6408953666687012
1.1478098630905151,1.5609849691390991,1.184950590133667,0.0,1.1941019296646118,0.7955347299575806
1.1450986862182617,1.5299710035324097,1.1483254432678223,0.0,1.1941019296646118,0.6825226545333862
1.1414672136306763,1.5299710035324097,1.1278337240219116,0.0,1.1855393648147583,0.6482954621315002
1.1836063861846924,1.4505566358566284,1.1698483228683472,0.0,1.0296322107315063,0.7437610030174255
1.1836063861846924,1.4802782535552979,1.0829524993896484,0.0,1.074904441833496,0.7192015051841736
1.1694114208221436,1.5004386901855469,1.1230018138885498,0.0,1.074904441833496,0.7905129194259644
1.1820330619812012,1.5004386901855469,1.1230018138885498,0.0,1.074904441833496,0.7488555908203125
1.1936016082763672,1.3940564393997192,1.1230018138885498,0.0,1.074904441833496,0.7488555908203125
1.169345736503601,1.3940564393997192,1.1230018138885498,0.0,1.0054551362991333,0.7453352808952332
1.173359990119934,1.4219937324523926,1.0184911489486694,0.0,1.0054551362991333,0.7678772807121277
1.2818958759307861,1.393673062324524,0.9781005382537842,0.0,0.8898151516914368,0.7948037981987
1.2041890621185303,1.419437050819397,0.9688524007797241,0.0,0.900356650352478,0.7972154021263123
1.1968460083007812,1.3907793760299683,1.4334359169006348,0.0,0.9063060879707336,0.7612484693527222
1.1796958446502686,1.3608121871948242,0.9697678089141846,0.0,0.9525529742240906,0.7971480488777161
1.2054821252822876,1.4063953161239624,0.9467899799346924,0.0,0.9476364850997925,0.792778730392456
1.205788254737854,1.4063953161239624,1.3506054878234863,0.0,0.9476364850997925,0.8286892175674438
1.2064964771270752,1.39762544631958,1.0422794818878174,0.0,0.9654607176780701,0.8339606523513794
1.2195773124694824,1.39762544631958,1.3310329914093018,0.0,0.9666062593460083,0.8536275625228882
1.1846672296524048,1.398537278175354,0.9500377178192139,0.0,0.9301599860191345,0.8573798537254333
1.1952641010284424,1.3687775135040283,0.9863912463188171,0.0,1.053678035736084,0.8922895789146423
1.2182375192642212,1.3835757970809937,1.000654935836792,0.0,1.0405871868133545,0.9379109144210815
1.2326393127441406,1.4012235403060913,1.1608693599700928,0.0,0.9776284098625183,0.9864922165870667
1.2326393127441406,1.4219820499420166,1.0034728050231934,0.0,0.9302546977996826,0.9488017559051514
1.2198822498321533,1.393488883972168,0.9368743300437927,0.0,0.9308407306671143,0.9546442627906799
1.2077900171279907,1.3645051717758179,1.3322560787200928,0.0,0.9649078249931335,0.9436403512954712
1.2138515710830688,1.4278512001037598,1.1711881160736084,0.0,0.9649078249931335,0.9615575075149536
1.236030101776123,1.3882548809051514,0.9691400527954102,0.0,0.9749714732170105,0.90234375
1.2041261196136475,1.3982239961624146,0.9674200415611267,0.0,0.9749714732170105,0.8902314305305481
1.223562479019165,1.4113644361495972,0.9739477038383484,0.0,0.9607893824577332,0.8835303783416748
1.2496025562286377,1.4034082889556885,1.396069884300232,0.0,0.9607893824577332,0.9853882193565369
1.303843379020691,1.4174976348876953,0.9711574912071228,0.0,0.9581130146980286,0.9693892598152161
1.2132099866867065,1.4059189558029175,1.0388528108596802,0.0,0.9510490298271179,0.9374300241470337
1.2337535619735718,1.397944688796997,0.9652743935585022,0.0,0.9014556407928467,0.9698521494865417
1.2463468313217163,1.403186559677124,0.9541012644767761,0.0,0.9014556407928467,0.9698521494865417
1.247753381729126,1.4022661447525024,0.9772903919219971,0.0,0.9014556407928467,0.9698521494865417
1.2186046838760376,1.4022661447525024,0.9813976883888245,0.0,0.9014556407928467,0.9698521494865417
1.2186046838760376,1.4022661447525024,0.9695708751678467,0.0,0.9014556407928467,0.9710600972175598
1.2260923385620117,1.4089268445968628,0.9805331826210022,0.0,0.9493944048881531,0.9573149681091309
1.2501873970031738,1.4267219305038452,0.958000123500824,0.0,0.9409742951393127,0.9058249592781067
1.2414913177490234,1.437891960144043,0.9845048785209656,0.0,0.9064496159553528,0.8894532918930054
1.3186204433441162,1.4112733602523804,0.9693080186843872,0.0,0.9374457597732544,0.9035086035728455
1.232082724571228,1.4439127445220947,0.9853851199150085,0.0,0.9770123362541199,0.9035086035728455
1.232082724571228,1.4439127445220947,1.005185604095459,0.0,0.9309787750244141,0.8769445419311523
1.2402610778808594,1.4217188358306885,0.9649642705917358,0.0,0.9572372436523438,0.9384577870368958
1.2538526058197021,1.4217188358306885,1.0339680910110474,0.0,0.9572372436523438,0.8990185260772705
1.2206089496612549,1.4061932563781738,1.007637619972229,0.0,0.9751678109169006,0.9000133872032166
1.2365504503250122,1.3987153768539429,0.9778414964675903,0.0,0.9873178005218506,0.8627110123634338
1.208756685256958,1.4221645593643188,0.952472984790802,0.0,0.9415100812911987,0.9846426844596863
1.2811213731765747,1.42231023311615,0.9740930795669556,0.0,0.9548470973968506,0.9264150857925415
1.2811213731765747,1.4320322275161743,1.042722463607788,0.0,0.9523626565933228,0.9468345642089844
1.2465401887893677,1.4020289182662964,1.2157447338104248,0.0,0.9523626565933228,0.8969298601150513
1.2465401887893677,1.4256229400634766,1.008602499961853,0.0,0.9461941123008728,0.8830276727676392
1.2465401887893677,1.436871886253357,1.0477650165557861,0.0,1.0170186758041382,0.8867484331130981
1.2142146825790405,1.409490942955017,1.0457457304000854,0.0,0.9803245663642883,0.8999320268630981
1.2242794036865234,1.4036145210266113,1.0714987516403198,0.0,1.0139703750610352,0.8518964648246765
1.2316819429397583,1.3995431661605835,1.0191624164581299,0.0,1.0291014909744263,0.8518964648246765
1.21415114402771,1.3995431661605835,1.0191624164581299,0.0,0.9978407621383667,0.9100271463394165
1.221557855606079,1.4246270656585693,1.5255674123764038,0.0,1.0216087102890015,0.9100271463394165
1.2067514657974243,1.4194658994674683,1.1830943822860718,0.0,1.0216087102890015,0.8833662271499634
1.2052687406539917,1.4194658994674683,1.1830943822860718,0.0,1.063081979751587,0.9042160511016846
1.193190574645996,1.4194658994674683,1.1583893299102783,0.0,1.024206280708313,0.9128603935241699
1.2136211395263672,1.3763364553451538,1.5650298595428467,0.0,1.0753674507141113,0.9758822917938232
1.196951150894165,1.3968837261199951,1.5354481935501099,0.0,1.0418570041656494,0.974384605884552
1.187211275100708,1.3848410844802856,1.4000612497329712,0.0,0.9534558653831482,1.0115360021591187
1.209417462348938,1.4184824228286743,1.4000612497329712,0.0,1.018013834953308,1.0633214712142944
1.2076600790023804,1.4184824228286743,1.296743392944336,0.0,1.1000994443893433,1.1342883110046387
1.2076600790023804,1.3729370832443237,1.542879581451416,0.0,1.0557132959365845,1.1342883110046387
1.1926766633987427,1.4315025806427002,1.3000524044036865,0.0,0.9972102046012878,1.1308008432388306
1.1851868629455566,1.3981739282608032,1.4081059694290161,0.0,1.029397964477539,1.124847650527954
1.1780669689178467,1.3971128463745117,1.41256582736969,0.0,1.0964717864990234,1.0885251760482788
1.158186674118042,1.4033145904541016,1.421200156211853,0.0,1.729225516319275,1.124382734298706
1.15354585647583,1.4147608280181885,1.4106836318969727,0.0,1.4590778350830078,1.124382734298706
1.2325308322906494,1.417886734008789,1.4490792751312256,0.0,1.4590778350830078,1.124382734298706
1.2481789588928223,1.417886734008789,1.3005176782608032,0.0,1.487080693244934,1.0855659246444702
1.1337143182754517,1.4016659259796143,1.3102234601974487,0.0,1.522013783454895,1.045663595199585
1.2088432312011719,1.414634108543396,1.3262295722961426,0.0,1.5239912271499634,1.0342445373535156
1.1183016300201416,1.3897137641906738,1.2386524677276611,0.0,1.4880578517913818,1.039196491241455
1.115547776222229,1.413362979888916,1.2877576351165771,0.0,1.520171046257019,1.0335909128189087
1.12299644947052,1.4135361909866333,1.2829684019088745,0.0,1.501577377319336,1.0468330383300781
1.1142774820327759,1.4135361909866333,1.2829684019088745,0.0,1.4643478393554688,1.0194334983825684
1.2092524766921997,1.3993149995803833,1.3393985033035278,0.0,1.4643478393554688,1.0479035377502441
1.0821627378463745,1.4056296348571777,1.2740100622177124,0.0,1.4568843841552734,1.0348851680755615
1.0497163534164429,1.4056296348571777,1.2247357368469238,0.0,1.432092547416687,0.9841912984848022
1.0530318021774292,1.3601820468902588,1.2756733894348145,0.0,1.4235764741897583,0.9379200339317322
1.0334912538528442,1.3248296976089478,1.186644196510315,0.0,1.36742103099823,0.97425377368927
1.0354266166687012,1.340508222579956,1.2044352293014526,0.0,1.382200837135315,0.9150944948196411
1.0671650171279907,1.3342127799987793,1.1670687198638916,0.0,1.3122749328613281,0.9150944948196411
1.0489463806152344,1.3321092128753662,1.1870471239089966,0.0,1.3122749328613281,0.9074397087097168
1.077742099761963,1.2567094564437866,1.183646559715271,0.0,1.2922512292861938,0.9074397087097168
1.0760351419448853,1.2835341691970825,1.1549701690673828,0.0,1.291780710220337,0.9140223264694214
1.0447520017623901,1.2835341691970825,1.0908842086791992,0.0,1.274409532546997,0.8902656435966492
1.0646841526031494,1.2232345342636108,1.1201362609863281,0.0,1.2570165395736694,0.9362169504165649
1.0691590309143066,1.2291046380996704,1.07632315158844,0.0,1.2700974941253662,0.8842108249664307
1.0959720611572266,1.2291046380996704,1.0318835973739624,0.0,1.2547399997711182,0.9134862422943115
1.1302801370620728,1.2199627161026,1.0095773935317993,0.0,1.1874855756759644,0.9134862422943115
1.1646876335144043,1.2065105438232422,0.9867126941680908,0.0,1.207145094871521,0.9285628795623779
1.1646876335144043,1.2065105438232422,0.9507700800895691,0.0,1.2309863567352295,0.9586091041564941
1.1861830949783325,1.1520894765853882,0.9250330328941345,0.0,1.2340248823165894,0.9586091041564941
1.1943655014038086,1.208670973777771,0.9250330328941345,0.0,1.2232955694198608,1.0821304321289062
1.227771282196045,1.184456467628479,0.8171260356903076,0.0,1.2174959182739258,1.1308023929595947
1.2650909423828125,1.2258301973342896,0.8396177887916565,0.0,1.1891289949417114,1.1306060552597046
1.2705802917480469,1.215372920036316,0.7555938959121704,0.0,1.2220090627670288,1.2233493328094482
1.282167673110962,1.20063054561615,0.7182697057723999,0.0,1.2361747026443481,1.2233493328094482
1.2798000574111938,1.2077696323394775,0.7359219193458557,0.0,1.2361747026443481,1.2233493328094482
1.244931936264038,1.2077696323394775,0.6893417239189148,0.0,1.207562804222107,0.6090912222862244
1.2624657154083252,1.2187070846557617,0.6570407152175903,0.0,1.207562804222107,0.5774561762809753
1.2428838014602661,1.2227389812469482,0.6114662885665894,0.0,1.2017743587493896,0.5954812169075012
1.25898015499115,1.2405211925506592,0.7304017543792725,0.0,1.2160212993621826,0.5894178152084351
1.198684811592102,1.2462526559829712,0.6413935422897339,0.0,1.2489486932754517,0.6284837126731873
1.2154107093811035,1.2040326595306396,0.7679994702339172,0.0,1.2188621759414673,0.621113121509552
1.2154107093811035,1.2040326595306396,1.2672467231750488,0.0,1.2188621759414673,0.6493712663650513
1.2310872077941895,1.2040326595306396,1.278903841972351,0.0,1.3141568899154663,0.6541919708251953
1.2319260835647583,1.2531921863555908,1.3094077110290527,0.0,1.3141568899154663,0.6695945262908936
1.2322108745574951,1.2078869342803955,1.158266305923462,0.0,1.2410897016525269,0.6505004167556763
1.2378451824188232,1.173353672027588,1.1004658937454224,0.0,1.2702054977416992,0.6884239315986633
1.2517484426498413,1.18764328956604,1.0928105115890503,0.0,0.9137252569198608,0.6939924955368042
1.265769124031067,1.1683095693588257,0.9921209216117859,0.0,0.8621286153793335,0.6865483522415161
1.3239843845367432,1.1683095693588257,1.00621497631073,0.0,0.8539634943008423,0.70734041929245
1.2775448560714722,1.179551124572754,0.8440526723861694,0.0,0.8401595950126648,0.70734041929245
1.3395949602127075,1.179551124572754,0.9562014937400818,0.0,0.7935448288917542,0.6839911937713623
1.3395949602127075,1.1837140321731567,1.0315073728561401,0.0,0.7787522077560425,0.7853168845176697
1.2998881340026855,1.2175954580307007,0.9503443837165833,0.0,1.04130220413208,0.7371703386306763
1.3239859342575073,1.1665517091751099,0.8658068180084229,0.0,1.1863160133361816,0.7371703386306763
1.2865926027297974,1.202984094619751,0.930213987827301,0.0,1.1863160133361816,0.7293280959129333
1.3901293277740479,1.202984094619751,0.8380207419395447,0.0,0.8390803933143616,0.7496963143348694
1.3098845481872559,1.1468467712402344,0.874989926815033,0.0,0.7689501047134399,0.7418306469917297
1.2908902168273926,1.1468467712402344,0.8840020895004272,0.0,1.2105727195739746,0.7489864230155945
1.3183525800704956,1.1731737852096558,0.841268002986908,0.0,1.0112000703811646,0.7489864230155945
1.3438239097595215,1.1516145467758179,0.8675425052642822,0.0,1.565444827079773,0.7579638361930847
1.302601933479309,1.1551817655563354,1.0497381687164307,0.0,1.2240982055664062,0.7579638361930847
1.3248261213302612,1.1643946170806885,0.8233802318572998,0.0,0.7498946785926819,0.7581106424331665
1.3493903875350952,1.1700571775436401,0.8492814898490906,0.0,0.9222806096076965,0.7900410890579224
1.3403754234313965,1.1700571775436401,0.9527181386947632,0.0,0.9222806096076965,0.7900410890579224
1.3615937232971191,1.2303903102874756,0.9490252137184143,0.0,1.0428460836410522,0.7900410890579224
1.3397116661071777,1.1763432025909424,0.8867105841636658,0.0,1.2422597408294678,0.7900410890579224
1.3323768377304077,1.2116553783416748,0.8056284785270691,0.0,1.0390756130218506,0.7992047667503357
1.3515146970748901,1.1659674644470215,0.7948430180549622,0.0,1.1928716897964478,0.8555980920791626
1.357639193534851,1.1558911800384521,0.7541776895523071,0.0,1.394134521484375,0.8261741995811462
1.3758915662765503,1.1683932542800903,0.8054550290107727,0.0,1.394134521484375,0.8965434432029724
1.3758915662765503,1.1901606321334839,0.7698175311088562,0.0,1.5065267086029053,0.8820841312408447
1.4809110164642334,1.21966552734375,0.7683991193771362,0.0,1.5770905017852783,0.9075866937637329
1.4619200229644775,1.21966552734375,0.7886888384819031,0.0,1.2542890310287476,0.9464597105979919
1.494832158088684,1.1369702816009521,0.7544705271720886,0.0,1.2542890310287476,0.9464597105979919
1.506725788116455,1.1490892171859741,0.7731269001960754,0.0,1.5988757610321045,0.9577778577804565
1.4873095750808716,1.088984489440918,0.7830655574798584,0.0,1.6739035844802856,0.9238840937614441
1.5005372762680054,1.1862058639526367,0.7942429184913635,0.0,1.6777162551879883,0.9813276529312134
1.500887155532837,1.1087942123413086,0.7860742211341858,0.0,1.6702326536178589,1.0059125423431396
1.500887155532837,1.033310890197754,0.7678666114807129,0.0,1.6840002536773682,0.9887173771858215
1.5196133852005005,1.033310890197754,0.9589537978172302,0.0,1.6581380367279053,0.9887173771858215
1.455946922302246,0.99058997631073,0.8046728372573853,0.0,1.7262252569198608,0.9887173771858215
1.5089170932769775,0.8904808163642883,0.7959770560264587,0.0,1.6399005651474,1.0995314121246338
1.4728726148605347,0.9374391436576843,0.7907791137695312,0.0,1.695895791053772,1.0895025730133057
1.434545874595642,0.9286606311798096,0.8151045441627502,0.0,1.695895791053772,1.085943579673767
1.434545874595642,0.8963330388069153,0.8041484355926514,0.0,1.686046838760376,1.179689645767212
1.4024018049240112,0.9529944658279419,0.8591021299362183,0.0,1.686046838760376,1.2171765565872192
1.458669662475586,0.8827024102210999,0.8210926055908203,0.0,1.6588791608810425,1.1730197668075562
1.458669662475586,0.8981654047966003,0.8207205533981323,0.0,1.6588791608810425,1.203303337097168
1.4338781833648682,0.8660879731178284,0.8554373383522034,0.0,1.6560184955596924,1.2334665060043335
1.4322994947433472,0.8570700883865356,0.8030468225479126,0.0,1.6221517324447632,1.2334665060043335
1.4429155588150024,0.831609308719635,0.7779600024223328,0.0,1.6002320051193237,1.2597421407699585
1.437895655632019,0.8568558096885681,0.7882636785507202,0.0,1.5917397737503052,1.2582536935806274
1.5342334508895874,0.8568558096885681,0.8872653245925903,0.0,1.6111254692077637,1.268291711807251
1.453180193901062,0.829034149646759,0.8066950440406799,0.0,1.6111254692077637,1.2275875806808472
1.453180193901062,0.8473963737487793,0.8097671866416931,0.0,1.5764374732971191,1.2094671726226807
1.4733786582946777,0.8465444445610046,0.8097671866416931,0.0,1.5764374732971191,1.197476863861084
1.5122182369232178,0.9493467211723328,0.7662913203239441,0.0,1.56253182888031,1.2089940309524536
1.5303869247436523,0.9084707498550415,0.7559122443199158,0.0,1.6195449829101562,1.1826961040496826
1.5398695468902588,1.1142606735229492,0.9380963444709778,0.0,1.6168193817138672,1.1826961040496826
1.5587658882141113,1.1142606735229492,0.8457453846931458,0.0,1.6168193817138672,1.181080937385559
1.5587658882141113,1.2261607646942139,0.7620449662208557,0.0,1.5467431545257568,1.181080937385559
1.630204439163208,1.2045345306396484,0.7510658502578735,0.0,1.6439629793167114,1.1405797004699707
1.654880166053772,1.1980921030044556,0.7430862784385681,0.0,1.623258352279663,1.1704485416412354
1.6557928323745728,1.223245620727539,0.7416372299194336,0.0,1.6903321743011475,1.070886492729187
1.6114776134490967,1.2422205209732056,0.7794484496116638,0.0,1.4200987815856934,1.0577994585037231
1.6114776134490967,1.227706789970398,0.7621156573295593,0.0,1.4200987815856934,1.0075929164886475
1.5982592105865479,1.1909154653549194,0.8934589624404907,0.0,1.2469409704208374,0.9476900696754456
1.5982592105865479,1.1909154653549194,0.7737942934036255,0.0,1.0425796508789062,0.942237377166748
1.4883012771606445,1.1870626211166382,0.7571535110473633,0.0,1.3952281475067139,0.9548966884613037
1.4931637048721313,1.2053608894348145,0.7126762270927429,0.0,0.9815179705619812,0.8800613284111023
1.4843441247940063,1.2043520212173462,0.7272166013717651,0.0,0.886216402053833,0.920900285243988
1.4954609870910645,1.2043520212173462,0.7072359919548035,0.0,0.886216402053833,0.8967329859733582
1.461486577987671,1.2500061988830566,0.7489831447601318,0.0,0.886216402053833,0.8967329859733582
1.4568984508514404,1.2722508907318115,0.7263912558555603,0.0,0.7776947617530823,0.8802501559257507
1.4422872066497803,1.2722508907318115,0.7623023390769958,0.0,0.7776947617530823,0.8802501559257507
1.4041705131530762,1.3108147382736206,0.7623023390769958,0.0,0.7574462890625,0.8707560896873474
1.4635066986083984,1.3466365337371826,0.726371169090271,0.0,0.7197245955467224,0.8427722454071045
1.4261394739151,1.3934754133224487,0.734013020992279,0.0,0.7466855645179749,0.8128626346588135
1.399943232536316,1.4287325143814087,0.7335073947906494,0.0,0.663786768913269,0.8013820052146912
1.2654331922531128,1.382047176361084,0.861861526966095,0.0,0.663786768913269,0.7869319319725037
1.165986180305481,1.4367105960845947,0.7432792782783508,0.0,0.663786768913269,0.8320629596710205
1.165986180305481,1.490881085395813,0.8610596656799316,0.0,0.7483575344085693,0.8357471823692322
1.165986180305481,1.5377262830734253,0.7312213182449341,0.0,0.7432628870010376,0.8054434061050415
1.1476991176605225,1.5692003965377808,0.7156078815460205,0.0,0.6706143021583557,0.7333152294158936
1.116905927658081,1.601704478263855,0.7087122201919556,0.0,1.0688122510910034,0.7285808324813843
1.099347472190857,1.601704478263855,0.7443636059761047,0.0,0.6791800260543823,0.742582380771637
1.087321400642395,1.601704478263855,0.7393072843551636,0.0,0.7263845801353455,0.7365407943725586
1.1140069961547852,1.5771853923797607,0.8404262065887451,0.0,0.6335337162017822,0.7730435729026794
1.063236951828003,1.5742449760437012,0.7668315768241882,0.0,0.6636337041854858,0.7473417520523071
1.091455340385437,1.5742449760437012,0.7360572218894958,0.0,1.0175470113754272,0.7350804209709167
1.097538709640503,1.5598065853118896,0.7819210886955261,0.0,1.0183525085449219,0.7465869784355164
1.1161911487579346,1.50124990940094,0.7819210886955261,0.0,0.6586506962776184,0.7548471689224243
1.1872766017913818,1.4488893747329712,0.7332382202148438,0.0,0.6586506962776184,0.7332105040550232
1.1872766017913818,1.4488893747329712,0.8441901803016663,0.0,1.092566967010498,0.7582900524139404
1.3948392868041992,1.372212529182434,0.7356812953948975,0.0,1.4700101613998413,0.7582900524139404
1.4146966934204102,1.372212529182434,0.7356812953948975,0.0,1.476019263267517,0.7606859803199768
1.4146966934204102,1.3433433771133423,0.7276462316513062,0.0,1.3191791772842407,0.7517865896224976
1.349938154220581,1.2367262840270996,0.7608640193939209,0.0,1.3191791772842407,0.7705156803131104
1.3648051023483276,1.1847273111343384,0.8361114859580994,0.0,1.1165294647216797,0.769422709941864
1.3607230186462402,1.1450074911117554,0.874220073223114,0.0,1.0766888856887817,0.8010960817337036
1.356614589691162,1.1497191190719604,0.9084604978561401,0.0,1.418353796005249,0.7885040044784546
1.4022599458694458,1.1331744194030762,0.87134850025177,0.0,1.418353796005249,0.8284775614738464
1.3991810083389282,1.1331744194030762,0.8918828964233398,0.0,1.365336298942566,0.8365359902381897
1.4520502090454102,1.1389013528823853,0.880036473274231,0.0,1.3661096096038818,0.8727194666862488
1.5173805952072144,1.13926100730896,0.8554370999336243,0.0,1.3460614681243896,0.925798237323761
1.5252379179000854,1.2024556398391724,0.8811748027801514,0.0,1.3732037544250488,0.9627543687820435
1.5378586053848267,1.1070970296859741,0.8482675552368164,0.0,1.407211422920227,0.9649442434310913
1.5437344312667847,1.0753955841064453,0.8888513445854187,0.0,1.4184476137161255,1.0253963470458984
1.5404847860336304,1.1157137155532837,0.8888513445854187,0.0,1.4399633407592773,1.066802740097046
1.5404847860336304,1.077003836631775,0.8718467354774475,0.0,1.4217218160629272,1.066802740097046
1.4697632789611816,1.0344706773757935,0.8718467354774475,0.0,1.453906774520874,1.176196813583374
1.509124755859375,1.0044926404953003,0.8206602334976196,0.0,1.425899624824524,1.176196813583374
1.399034857749939,0.9297611117362976,0.8753020167350769,0.0,1.4448281526565552,1.2589677572250366
1.3633241653442383,0.9745245575904846,0.8971941471099854,0.0,1.427547812461853,1.2161242961883545
1.3701694011688232,0.9088330268859863,0.8760489225387573,0.0,1.3999863862991333,1.1946403980255127
1.386792778968811,0.8776120543479919,0.9134462475776672,0.0,1.4082340002059937,1.2286795377731323
1.3604196310043335,0.8713783025741577,0.9134462475776672,0.0,1.4553807973861694,1.1980735063552856
1.4167529344558716,0.8335436582565308,0.9134462475776672,0.0,1.4011403322219849,1.248520016670227
1.3517804145812988,0.8335436582565308,0.9154545068740845,0.0,1.3991358280181885,1.2210335731506348
1.3517804145812988,0.8335436582565308,0.8777110576629639,0.0,1.4312065839767456,1.2210335731506348
1.366333246231079,0.825736403465271,0.8571807146072388,0.0,1.3958046436309814,1.232116937637329
1.375935673713684,0.8753994107246399,0.8821336627006531,0.0,1.399371862411499,1.2134171724319458
1.4192334413528442,0.9111447334289551,0.8495867252349854,0.0,1.3910306692123413,1.2240113019943237
1.4329582452774048,0.9111447334289551,0.8495867252349854,0.0,1.3619188070297241,1.2349797487258911
1.4324615001678467,0.9366832375526428,0.8727030158042908,0.0,1.3669852018356323,1.1968371868133545
1.478158950805664,0.928344190120697,0.8727030158042908,0.0,1.4139608144760132,1.1859779357910156
1.5320193767547607,1.0021637678146362,0.8849961757659912,0.0,1.3905599117279053,1.1766159534454346
1.6023739576339722,0.9805276989936829,0.8238160610198975,0.0,1.3947309255599976,1.135488510131836
1.56819748878479,1.019225835800171,0.8238160610198975,0.0,1.341288685798645,1.2069604396820068
1.581055760383606,1.0145190954208374,0.7772696614265442,0.0,1.341288685798645,1.1571050882339478
1.581055760383606,1.0137006044387817,0.7894657850265503,0.0,1.3502610921859741,1.1424270868301392
1.581055760383606,1.0643457174301147,0.8290529847145081,0.0,1.3502610921859741,1.1424270868301392
1.5352505445480347,1.0501937866210938,0.800252377986908,0.0,1.3391644954681396,1.1474661827087402
1.5352505445480347,1.1001566648483276,0.7930582761764526,0.0,1.294735312461853,1.1474661827087402
1.463969349861145,1.099595308303833,0.8484706282615662,0.0,1.3190802335739136,1.074379801750183
1.4231433868408203,1.1384798288345337,0.8716456890106201,0.0,1.3612761497497559,1.0288469791412354
1.3841731548309326,1.0970300436019897,0.887698769569397,0.0,1.4539437294006348,0.9726032614707947
1.3841731548309326,1.1190316677093506,0.939873218536377,0.0,1.4272412061691284,0.9726032614707947
1.3802440166473389,1.1190316677093506,0.9971473813056946,0.0,1.5108368396759033,0.9726032614707947
1.342500925064087,1.1190316677093506,0.9966750741004944,0.0,1.4880168437957764,0.9726032614707947
1.3902289867401123,1.1203806400299072,1.1068965196609497,0.0,1.4559541940689087,0.8235309720039368
1.3218395709991455,1.1203806400299072,0.9711964726448059,0.0,1.173580527305603,0.818182110786438
1.3739172220230103,1.1806939840316772,1.0533355474472046,0.0,1.201813817024231,0.7818542718887329
1.3517858982086182,1.1951544284820557,0.8468117117881775,0.0,1.178350806236267,0.8024721145629883
1.3780711889266968,1.2171897888183594,0.7178202867507935,0.0,1.2231571674346924,0.7865088582038879
1.419519305229187,1.2614070177078247,0.7425700426101685,0.0,1.2144149541854858,0.7042310237884521
1.4516425132751465,1.2614070177078247,0.6909680962562561,0.0,1.3539820909500122,0.727067232131958
1.4410775899887085,1.3233354091644287,0.6909680962562561,0.0,1.3370460271835327,0.7180109024047852
1.5089071989059448,1.3186522722244263,0.7871895432472229,0.0,1.2124842405319214,0.7038457989692688
1.4415034055709839,1.3186522722244263,0.7643720507621765,0.0,1.3647620677947998,0.7047426104545593
1.5442222356796265,1.355958104133606,0.8132188320159912,0.0,1.2186543941497803,0.7293885350227356
1.543931245803833,1.3524081707000732,0.8292429447174072,0.0,1.3545787334442139,0.6571030616760254
1.2981454133987427,1.356796145439148,0.7883993983268738,0.0,1.3582558631896973,0.7021497488021851
1.1616522073745728,1.3958585262298584,0.798261284828186,0.0,1.3481391668319702,0.7021497488021851
1.0969659090042114,1.3884726762771606,0.7851664423942566,0.0,1.4364317655563354,0.7127151489257812
1.0969659090042114,1.4255672693252563,0.7881636619567871,0.0,1.3525025844573975,0.7127151489257812
1.0491979122161865,1.41262686252594,0.7958487272262573,0.0,1.3705337047576904,0.692398726940155
1.0321943759918213,1.4016284942626953,0.7964378595352173,0.0,1.413307547569275,0.6764249205589294
1.074358344078064,1.3610392808914185,0.7921835780143738,0.0,1.3403199911117554,0.6764249205589294
1.0065749883651733,1.3698689937591553,0.7836435437202454,0.0,1.1662517786026,0.727458655834198
0.9691527485847473,1.3557296991348267,0.8240160942077637,0.0,1.340972661972046,0.7306631803512573
1.0439825057983398,1.3343092203140259,0.8105970621109009,0.0,1.3231542110443115,0.7050220370292664
1.042625069618225,1.381343126296997,0.8136710524559021,0.0,1.3236998319625854,0.7268208861351013
1.256299614906311,1.348523736000061,0.8091748952865601,0.0,1.3373503684997559,0.7496609687805176
1.256299614906311,1.3142796754837036,0.8033403754234314,0.0,1.3672215938568115,0.723341703414917
1.5256983041763306,1.3548941612243652,0.8778391480445862,0.0,1.3370507955551147,0.641079843044281
1.531980276107788,1.323859453201294,0.8140259385108948,0.0,1.352450966835022,0.6698707342147827
1.5029066801071167,1.32599937915802,0.8269933462142944,0.0,1.3665790557861328,0.6922469735145569
1.4734737873077393,1.32599937915802,0.8189040422439575,0.0,1.373232364654541,0.7011693716049194
1.4504722356796265,1.3386343717575073,0.8407170176506042,0.0,1.3607133626937866,0.7011693716049194
1.4319369792938232,1.3386343717575073,0.8281775116920471,0.0,1.4024025201797485,0.7011693716049194
1.3993370532989502,1.3493328094482422,0.8352227807044983,0.0,1.383787751197815,0.7011693716049194
1.4174913167953491,1.3493328094482422,0.8352227807044983,0.0,1.4193880558013916,0.7099870443344116
1.40766441822052,1.3729946613311768,0.8392460346221924,0.0,1.2136356830596924,0.7383319139480591
1.3980436325073242,1.3620249032974243,0.860386073589325,0.0,1.2370409965515137,0.7555820345878601
1.3818656206130981,1.3413090705871582,0.8267964124679565,0.0,1.2370409965515137,0.6918021440505981
1.3756426572799683,1.3413090705871582,0.8376176953315735,0.0,1.455354928970337,0.7103625535964966
1.3756426572799683,1.3534088134765625,0.8344233632087708,0.0,1.263325572013855,0.7103625535964966
1.4150807857513428,1.3534088134765625,0.8344233632087708,0.0,1.4921599626541138,0.7103625535964966
1.3725086450576782,1.4317617416381836,0.8971673846244812,0.0,1.2956622838974,0.7164738178253174
1.4088114500045776,1.4243686199188232,0.9108219146728516,0.0,1.3087083101272583,0.7164738178253174
1.3853623867034912,1.3129626512527466,0.8647234439849854,0.0,1.1138166189193726,0.7542505860328674
1.3932732343673706,1.3090224266052246,0.8017531037330627,0.0,1.131540060043335,0.7448015809059143
1.3932732343673706,1.3432248830795288,0.8391974568367004,0.0,1.2587125301361084,0.7705883979797363
1.3952752351760864,1.3581944704055786,0.8038506507873535,0.0,1.2464145421981812,0.7705883979797363
1.36055588722229,1.331197738647461,0.888068675994873,0.0,1.3317420482635498,0.7467905879020691
1.3761065006256104,1.3300119638442993,0.888068675994873,0.0,1.3022537231445312,0.7305547595024109
1.3497529029846191,1.3415417671203613,0.8514264822006226,0.0,1.376996636390686,0.7451118230819702
1.376028060913086,1.3345308303833008,0.859506368637085,0.0,1.376996636390686,0.7451118230819702
1.3713629245758057,1.3304779529571533,0.8484656810760498,0.0,1.3280073404312134,0.7396825551986694
1.3695474863052368,1.3691445589065552,0.8556679487228394,0.0,1.3504383563995361,0.7563379406929016
1.3867645263671875,1.371297836303711,0.8930752873420715,0.0,1.4706424474716187,0.7824646830558777
1.3911670446395874,1.3506712913513184,0.9064996242523193,0.0,1.51822829246521,0.7676729559898376
1.3824201822280884,1.3456506729125977,0.8848296999931335,0.0,1.4980013370513916,0.7861810922622681
1.457631230354309,1.3671067953109741,0.8357744812965393,0.0,1.4913195371627808,0.8079704642295837
1.3966132402420044,1.3671067953109741,0.8771398663520813,0.0,1.4745919704437256,0.7831814289093018
1.3775025606155396,1.3671067953109741,0.8714240193367004,0.0,1.3442633152008057,0.7831814289093018
1.393309473991394,1.3644744157791138,0.8603824377059937,0.0,1.3076533079147339,0.8218030333518982
1.4284945726394653,1.3598954677581787,0.8908711671829224,0.0,1.4664286375045776,0.7826759219169617
1.424006462097168,1.3534767627716064,0.9120610952377319,0.0,1.5088226795196533,0.8199823498725891
1.411206603050232,1.33087158203125,0.9105501174926758,0.0,1.4369401931762695,0.8203094005584717
1.375758409500122,1.3452911376953125,0.8635364770889282,0.0,1.4350931644439697,0.7979428768157959
1.4063637256622314,1.3268345594406128,0.9000125527381897,0.0,1.4227579832077026,0.7861362099647522
1.4108649492263794,1.3402180671691895,0.9265087246894836,0.0,1.4227579832077026,0.7999614477157593
1.4081103801727295,1.3402180671691895,0.9149667024612427,0.0,1.3459051847457886,0.852899432182312
1.494297981262207,1.3780808448791504,0.8816540837287903,0.0,1.3353233337402344,0.8539743423461914
1.4017151594161987,1.3519233465194702,0.8783664107322693,0.0,1.3353233337402344,0.824241578578949
1.3844380378723145,1.3519233465194702,0.923705518245697,0.0,1.1426860094070435,0.838527262210846
1.3848598003387451,1.3678557872772217,0.923705518245697,0.0,1.2683112621307373,0.8335338830947876
1.3484569787979126,1.3676446676254272,0.923705518245697,0.0,1.154728889465332,0.8509054183959961
1.381543517112732,1.3605003356933594,0.9179789423942566,0.0,1.110244870185852,0.8687034845352173
1.3753515481948853,1.3605003356933594,0.8938531279563904,0.0,1.1419063806533813,0.8842853903770447
1.3950419425964355,1.398427128791809,0.9216697216033936,0.0,1.1022388935089111,0.8381304144859314
1.3978965282440186,1.3851972818374634,0.9281033277511597,0.0,0.9641250371932983,0.82364821434021
1.3650535345077515,1.4264289140701294,0.9281033277511597,0.0,0.9895152449607849,0.8750178217887878
1.3647820949554443,1.410244107246399,0.9281033277511597,0.0,0.9895152449607849,0.8646883368492126
1.3706538677215576,1.410244107246399,0.9409428834915161,0.0,1.0171221494674683,0.848975658416748
1.3712742328643799,1.3757519721984863,0.9129273891448975,0.0,0.9452953934669495,0.87612384557724
1.350353479385376,1.4007527828216553,0.9776360392570496,0.0,0.981357991695404,0.874782383441925
1.3543248176574707,1.3995177745819092,0.9362547993659973,0.0,0.872170090675354,0.8708222508430481
1.3630361557006836,1.4056785106658936,0.8688873648643494,0.0,0.9428431391716003,0.8443233370780945
1.352792739868164,1.4003493785858154,0.9172279834747314,0.0,0.9238633513450623,0.8270199298858643
1.3216396570205688,1.3682297468185425,0.9438072443008423,0.0,0.9238633513450623,0.8645057678222656
1.2950599193572998,1.408666968345642,0.9354978799819946,0.0,0.9500800371170044,0.8381896018981934
1.3129099607467651,1.3865422010421753,0.9389734268188477,0.0,0.9187005758285522,0.8598904609680176
1.3129099607467651,1.400207281112671,0.9635760188102722,0.0,0.8618618845939636,0.86457759141922
1.335882306098938,1.349562644958496,0.9685283899307251,0.0,0.8954036831855774,0.8176307082176208
1.3310643434524536,1.349562644958496,0.9910593628883362,0.0,0.885826826095581,0.8511643409729004
1.317327618598938,1.349562644958496,0.9436454176902771,0.0,0.885826826095581,0.8112084865570068
1.331972599029541,1.349562644958496,0.9686287641525269,0.0,0.9168156981468201,0.815424919128418
1.3435924053192139,1.3196768760681152,0.9730220437049866,0.0,0.8891823291778564,0.8088130354881287
1.318400502204895,1.288232445716858,0.9715061783790588,0.0,1.0113085508346558,0.8088130354881287
1.3066751956939697,1.2864527702331543,0.987267792224884,0.0,0.9849072098731995,0.6745434403419495
1.3075988292694092,1.299952745437622,1.0049585103988647,0.0,0.9783087372779846,0.6719369292259216
1.3029977083206177,1.3513644933700562,1.0283640623092651,0.0,1.0200530290603638,0.7211569547653198
1.294880747795105,1.3309686183929443,1.0283640623092651,0.0,0.9911661744117737,0.6836383938789368
1.294880747795105,1.3917665481567383,1.0568374395370483,0.0,0.9824618101119995,0.6669473648071289
1.3446433544158936,1.377543568611145,1.0361812114715576,0.0,0.9824618101119995,0.7242010831832886
1.3558034896850586,1.3019895553588867,1.0345089435577393,0.0,1.0270556211471558,0.7242010831832886
1.393916130065918,1.3583766222000122,0.9994290471076965,0.0,1.053013563156128,1.1933878660202026
1.3612703084945679,1.2749991416931152,1.001703143119812,0.0,1.0939751863479614,1.1933878660202026
1.344417929649353,1.2700875997543335,1.010421633720398,0.0,1.112615704536438,1.3115257024765015
1.4017577171325684,1.2366485595703125,0.9889223575592041,0.0,1.090843915939331,1.306545376777649
1.3586792945861816,1.2561286687850952,1.0026676654815674,0.0,1.1349924802780151,1.3251903057098389
1.4008090496063232,1.2561286687850952,0.9985688328742981,0.0,1.1812965869903564,1.341216802597046
1.3615182638168335,1.2407482862472534,1.0450019836425781,0.0,1.1812965869903564,1.3631511926651
1.3557648658752441,1.2407482862472534,1.0450019836425781,0.0,1.2455575466156006,1.3594918251037598
1.365753412246704,1.3379358053207397,1.1298584938049316,0.0,1.2455575466156006,1.3594918251037598
1.2922112941741943,1.3379358053207397,1.115446925163269,0.0,1.33424711227417,1.2744144201278687
1.3453854322433472,1.3510133028030396,1.0368483066558838,0.0,1.3308497667312622,1.1510872840881348
1.321489930152893,1.3510133028030396,1.1122069358825684,0.0,1.3900648355484009,1.1425793170928955
1.3065440654754639,1.3598793745040894,1.0884112119674683,0.0,1.4044102430343628,1.0930801630020142
1.361400842666626,1.3802863359451294,1.119377851486206,0.0,1.4299906492233276,1.1995025873184204
1.2886124849319458,1.4048188924789429,1.1537314653396606,0.0,1.4374244213104248,1.1857491731643677
1.2757782936096191,1.4048188924789429,1.1123974323272705,0.0,1.4778149127960205,1.2446777820587158
1.27721107006073,1.40708327293396,1.1401184797286987,0.0,1.5376904010772705,1.2174831628799438
1.2797943353652954,1.408371925354004,1.1989772319793701,0.0,1.4841581583023071,1.3332257270812988
1.2648730278015137,1.4085824489593506,1.242186188697815,0.0,1.5189517736434937,1.3676187992095947
1.275543451309204,1.4080781936645508,1.1590403318405151,0.0,1.522264838218689,1.2484498023986816
1.2688759565353394,1.382865071296692,1.166530728340149,0.0,1.5601495504379272,1.2484498023986816
1.2571746110916138,1.382865071296692,1.16653311252594,0.0,1.5923672914505005,1.177327275276184
1.2653863430023193,1.386295199394226,1.195724606513977,0.0,1.6721744537353516,1.262649416923523
1.2751269340515137,1.392189383506775,1.18194580078125,0.0,1.6056876182556152,1.2096012830734253
1.2586705684661865,1.4005810022354126,1.2110786437988281,0.0,1.6627994775772095,1.178375482559204
1.260971188545227,1.3855462074279785,1.2341431379318237,0.0,1.6053135395050049,1.2041138410568237
1.2451883554458618,1.3770732879638672,1.2062664031982422,0.0,1.6378843784332275,1.1995015144348145
1.2788175344467163,1.3729326725006104,1.2550373077392578,0.0,1.6595321893692017,1.2387902736663818
1.227635383605957,1.3670445680618286,1.2513984441757202,0.0,1.815177083015442,1.194191575050354
1.2360693216323853,1.3460984230041504,1.1915134191513062,0.0,1.777177095413208,1.1682616472244263
1.234352469444275,1.3592473268508911,1.2373976707458496,0.0,1.7776676416397095,1.2005208730697632
1.2268331050872803,1.3500494956970215,1.2912613153457642,0.0,1.79377281665802,1.1812256574630737
1.2376657724380493,1.3500494956970215,1.2095342874526978,0.0,1.7903037071228027,1.2226133346557617
1.2333177328109741,1.3390146493911743,1.2335094213485718,0.0,1.8218923807144165,1.1817835569381714
1.2333177328109741,1.3390146493911743,1.243130087852478,0.0,1.8202002048492432,1.185517430305481
1.1934155225753784,1.3710832595825195,1.217140555381775,0.0,1.8402502536773682,1.1661436557769775
1.1884410381317139,1.3518832921981812,1.1807273626327515,0.0,1.8239647150039673,1.1677747964859009
1.2024250030517578,1.3861751556396484,1.2032181024551392,0.0,1.8037729263305664,1.1365588903427124
1.208071231842041,1.3491214513778687,1.1829948425292969,0.0,1.777801752090454,1.1426093578338623
1.175713062286377,1.3306530714035034,1.2237128019332886,0.0,1.7845878601074219,1.1134757995605469
1.2137998342514038,1.361342430114746,1.2237128019332886,0.0,1.7445297241210938,1.1051913499832153
1.1988413333892822,1.3535730838775635,1.178483247756958,0.0,1.7445297241210938,1.2402797937393188
1.2094831466674805,1.3535730838775635,1.1335586309432983,0.0,1.6948596239089966,1.1200239658355713
1.20267915725708,1.3490512371063232,1.1291638612747192,0.0,1.6822500228881836,1.1148873567581177
1.1975089311599731,1.3389885425567627,1.1121110916137695,0.0,1.6870856285095215,1.0978866815567017
1.1830048561096191,1.3217339515686035,1.0655088424682617,0.0,1.632501482963562,1.0981121063232422
1.1721653938293457,1.3217339515686035,1.0890837907791138,0.0,1.6470942497253418,1.1129010915756226
1.2214281558990479,1.3166617155075073,1.0455361604690552,0.0,1.6470942497253418,1.1212379932403564
1.2461154460906982,1.3317111730575562,1.1243066787719727,0.0,1.6399413347244263,1.1382373571395874
1.2518178224563599,1.258566975593567,1.041697382926941,0.0,1.606549859046936,1.0882368087768555
1.274122953414917,1.2524200677871704,1.0140243768692017,0.0,1.5994447469711304,1.1835941076278687
1.2602601051330566,1.231083869934082,0.9837705492973328,0.0,1.5981062650680542,1.2634390592575073
1.357746958732605,1.216966152191162,0.9480923414230347,0.0,1.437760829925537,1.2423895597457886
1.357746958732605,1.180004358291626,0.9702503681182861,0.0,1.2376104593276978,1.322186827659607
1.3573815822601318,1.1856021881103516,1.002081036567688,0.0,1.2842381000518799,1.3253859281539917
1.3913792371749878,1.1990165710449219,0.9345403909683228,0.0,1.2858864068984985,1.337390661239624
1.4282375574111938,1.173764944076538,0.9099693894386292,0.0,1.2121882438659668,1.3461689949035645
1.465763807296753,1.279966950416565,0.9081984758377075,0.0,1.1768182516098022,1.3707488775253296
1.4908783435821533,1.279966950416565,0.8804298639297485,0.0,1.2229937314987183,1.3877936601638794
1.4908783435821533,1.279966950416565,0.8624292612075806,0.0,1.1622346639633179,0.669825553894043
1.5174931287765503,1.8276878595352173,0.8679285645484924,0.0,1.1724843978881836,0.669825553894043
1.5216138362884521,1.4510916471481323,0.8633884191513062,0.0,1.153462529182434,0.8528516888618469
1.4910165071487427,1.4510916471481323,0.8479570150375366,0.0,1.1436052322387695,0.8528516888618469
1.4809783697128296,1.4180315732955933,0.841119110584259,0.0,1.1351103782653809,0.9346690773963928
1.5014270544052124,1.4075751304626465,0.8663929104804993,0.0,1.1500262022018433,0.9593480229377747
1.4956101179122925,1.4083068370819092,0.8599807024002075,0.0,1.1630213260650635,1.02812659740448
1.4725632667541504,1.434553623199463,0.865658700466156,0.0,1.2095807790756226,1.036016583442688
1.4658091068267822,1.375219464302063,0.8604344129562378,0.0,1.1998475790023804,1.0452953577041626
1.4758095741271973,1.3808304071426392,0.8843702673912048,0.0,1.1998475790023804,1.0706499814987183
1.5209920406341553,1.3808304071426392,0.9945269227027893,0.0,1.1999810934066772,1.0503618717193604
1.5209920406341553,1.3571951389312744,0.8408001661300659,0.0,1.2067896127700806,1.0533102750778198
1.540513038635254,1.4215134382247925,0.9792408347129822,0.0,1.2067896127700806,1.0747677087783813
1.540513038635254,1.4215134382247925,0.9278177618980408,0.0,1.1890560388565063,1.066631555557251
1.540513038635254,1.388497233390808,0.8384461998939514,0.0,1.1997458934783936,1.0667818784713745
1.519909143447876,1.3999793529510498,0.8675640821456909,0.0,1.2029956579208374,1.1121491193771362
1.5106658935546875,1.3722667694091797,0.8507334589958191,0.0,1.2162971496582031,1.090450644493103
1.5140687227249146,1.3766133785247803,0.8589071035385132,0.0,1.261710286140442,1.0765495300292969
1.5061368942260742,1.4050374031066895,0.8813956379890442,0.0,1.244545817375183,1.1402226686477661
1.5091553926467896,1.4050374031066895,0.9037500619888306,0.0,1.2404627799987793,1.068109393119812
1.5091553926467896,1.434141755104065,0.8854576945304871,0.0,1.312708854675293,1.117857813835144
1.5299726724624634,1.434141755104065,0.8854576945304871,0.0,1.2381234169006348,1.0506213903427124
1.4968293905258179,1.427145004272461,0.8683304190635681,0.0,1.2428686618804932,1.1336331367492676
1.494234323501587,1.427145004272461,0.8989916443824768,0.0,1.2480053901672363,1.1162588596343994
1.5121046304702759,1.4291894435882568,0.8929276466369629,0.0,1.260664939880371,1.106377124786377
1.540846586227417,1.4291894435882568,0.934330403804779,0.0,1.2722119092941284,1.091914415359497
1.5596221685409546,1.4353498220443726,0.9148049354553223,0.0,1.2973127365112305,1.0873738527297974
1.5273611545562744,1.4413325786590576,0.9136418104171753,0.0,1.2572020292282104,1.0707608461380005
1.5273611545562744,1.4549254179000854,0.9481369853019714,0.0,1.2984340190887451,1.0238614082336426
1.5596444606781006,1.5199066400527954,0.9909124970436096,0.0,1.2872838973999023,0.9811211824417114
1.567832350730896,1.9274684190750122,0.9639568328857422,0.0,1.2719777822494507,0.935420572757721
1.5612075328826904,1.909004807472229,0.9227097630500793,0.0,1.2719777822494507,0.8432134389877319
1.572646141052246,1.2654541730880737,0.997446596622467,0.0,1.259924292564392,0.8727267384529114
1.5424894094467163,1.7256948947906494,0.9719923734664917,0.0,1.281343936920166,0.9109438061714172
1.527320146560669,1.6764805316925049,0.9517664313316345,0.0,1.2353732585906982,1.334285020828247
1.5264157056808472,1.5753986835479736,0.9643039703369141,0.0,1.2200202941894531,1.5369008779525757
1.5264157056808472,1.533514142036438,0.9852376580238342,0.0,1.2405846118927002,1.5010195970535278
1.4905614852905273,1.509236216545105,1.0357666015625,0.0,1.2550451755523682,1.4609309434890747
1.5052361488342285,1.5240519046783447,1.0807558298110962,0.0,1.2441174983978271,1.4818332195281982
1.4547258615493774,1.485883116722107,1.0624284744262695,0.0,1.2320220470428467,1.3856408596038818
1.4547258615493774,1.4581354856491089,1.1740542650222778,0.0,1.2415430545806885,1.4217320680618286
1.4365785121917725,1.4458839893341064,1.199661135673523,0.0,1.2273753881454468,1.4127377271652222
1.4404045343399048,1.4520012140274048,1.0768802165985107,0.0,1.2527717351913452,1.3852959871292114
1.4187984466552734,1.4376118183135986,1.0909005403518677,0.0,1.2916659116744995,1.2958606481552124
1.3978015184402466,1.4291112422943115,1.147080421447754,0.0,1.2962409257888794,1.2962044477462769
1.3955730199813843,1.4389142990112305,1.1315460205078125,0.0,1.3194301128387451,1.227941870689392
1.3800946474075317,1.4389142990112305,1.1603176593780518,0.0,1.2986754179000854,1.2769564390182495
1.3668981790542603,1.4326751232147217,1.1576464176177979,0.0,1.2980916500091553,1.2769564390182495
1.3632270097732544,1.4403340816497803,1.1668071746826172,0.0,1.315477967262268,1.305438756942749
1.3510597944259644,1.4449200630187988,1.1996046304702759,0.0,1.379394769668579,1.2989121675491333
1.3724159002304077,1.428788661956787,1.2028952836990356,0.0,1.3771098852157593,1.3116366863250732
1.325239896774292,1.4365359544754028,1.2405459880828857,0.0,1.4741758108139038,1.3476018905639648
1.31876802444458,1.4354153871536255,1.1948082447052002,0.0,1.4609020948410034,1.2857283353805542
1.3527086973190308,1.4036579132080078,1.2063218355178833,0.0,1.5246665477752686,1.2857283353805542
1.2968627214431763,1.421143651008606,1.2393946647644043,0.0,1.487304449081421,1.2666559219360352
1.2960747480392456,1.3914715051651,1.253258228302002,0.0,1.4999666213989258,1.2228758335113525
1.282288908958435,1.3961458206176758,1.2581604719161987,0.0,1.4624725580215454,1.2092206478118896
1.2536131143569946,1.42880117893219,1.2793030738830566,0.0,1.6248352527618408,1.2092206478118896
1.281522512435913,1.3498482704162598,1.2917441129684448,0.0,1.6248352527618408,1.2188022136688232
1.2189805507659912,1.3984875679016113,1.2766215801239014,0.0,1.6797605752944946,1.1831642389297485
1.1908414363861084,1.3583953380584717,1.2860627174377441,0.0,1.8302501440048218,1.2083110809326172
1.217675805091858,1.3583953380584717,1.2910047769546509,0.0,1.7937215566635132,1.1642658710479736
1.217675805091858,1.3495937585830688,1.2910047769546509,0.0,1.7937215566635132,1.1702795028686523
1.1819761991500854,1.370407223701477,1.287150502204895,0.0,1.7555115222930908,1.143731713294983
1.1502755880355835,1.394234299659729,1.3224924802780151,0.0,1.7555115222930908,1.1474779844284058
1.1819961071014404,1.3633190393447876,1.3003194332122803,0.0,1.6584832668304443,1.145775556564331
1.1490356922149658,1.3581490516662598,1.3953474760055542,0.0,1.5909346342086792,1.1407933235168457
1.1185306310653687,1.362855076789856,1.2911909818649292,0.0,1.6226797103881836,1.1631712913513184
1.1111551523208618,1.3721674680709839,1.2911909818649292,0.0,1.5861841440200806,1.0971401929855347
1.1220053434371948,1.332588791847229,1.2891267538070679,0.0,1.5487194061279297,1.052448034286499
1.0958406925201416,1.3481367826461792,1.2877769470214844,0.0,1.5746331214904785,1.0637401342391968
1.1290268898010254,1.3277086019515991,1.289310097694397,0.0,1.4990777969360352,1.061238408088684
1.1290268898010254,1.3430918455123901,1.2577389478683472,0.0,1.5379259586334229,1.0898456573486328
1.0718210935592651,1.3372310400009155,1.2666627168655396,0.0,1.5379259586334229,1.0898456573486328
1.1069350242614746,1.3245257139205933,1.2666627168655396,0.0,1.5379259586334229,1.0714668035507202
1.0965124368667603,1.29376220703125,1.2490657567977905,0.0,1.4780545234680176,1.0472798347473145
1.0962015390396118,1.2981557846069336,1.2333835363388062,0.0,1.459154486656189,1.0443211793899536
1.0380862951278687,1.2906652688980103,1.2076869010925293,0.0,1.4917606115341187,1.0392379760742188
1.0605722665786743,1.3047047853469849,1.2319902181625366,0.0,1.458492636680603,1.0452337265014648
1.0588513612747192,1.3014986515045166,1.166704535484314,0.0,1.498589038848877,1.0350415706634521
1.0870040655136108,1.2473362684249878,1.165277123451233,0.0,1.498589038848877,1.0269190073013306
1.0436983108520508,1.2296397686004639,1.2104326486587524,0.0,1.4705760478973389,1.0223231315612793
1.0469706058502197,1.2306431531906128,1.102604627609253,0.0,1.4976425170898438,1.0498119592666626
1.074607491493225,1.2306431531906128,1.135923147201538,0.0,1.4380468130111694,1.0524085760116577
1.0882251262664795,1.2104742527008057,1.1219696998596191,0.0,1.4515799283981323,1.052032470703125
1.1814906597137451,1.2408521175384521,1.0716556310653687,0.0,1.437931776046753,1.03345787525177
1.0968272686004639,1.2730563879013062,1.0550949573516846,0.0,1.455666184425354,1.124315857887268
1.1065634489059448,1.1989187002182007,1.09536612033844,0.0,1.4409594535827637,1.0833215713500977
1.215076208114624,1.1903910636901855,1.0799657106399536,0.0,1.4696851968765259,1.0837187767028809
1.215076208114624,1.2290496826171875,1.054132103919983,0.0,1.4953341484069824,1.0837187767028809
1.1802890300750732,1.2015420198440552,1.0247372388839722,0.0,1.4953341484069824,1.2217166423797607
1.1972273588180542,1.1891802549362183,1.0230380296707153,0.0,1.5618629455566406,1.1890242099761963
1.2199029922485352,1.188804030418396,1.0971777439117432,0.0,1.5520390272140503,1.2022515535354614
1.2619205713272095,1.1998238563537598,1.0971777439117432,0.0,1.6181130409240723,1.2614020109176636
1.3350127935409546,1.1595675945281982,0.9685385227203369,0.0,1.6386363506317139,1.2910385131835938
1.3131474256515503,1.1817963123321533,0.9433216452598572,0.0,1.1624881029129028,1.3593757152557373
1.352036714553833,1.1989892721176147,0.9317362308502197,0.0,1.5497223138809204,1.3699729442596436
1.3650109767913818,1.1307111978530884,0.9069129228591919,0.0,1.5497223138809204,1.193512201309204
1.3907145261764526,1.1307111978530884,0.8932170271873474,0.0,1.5497223138809204,0.9046951532363892
1.4644678831100464,1.119623064994812,0.8932170271873474,0.0,1.4354372024536133,1.1837290525436401
1.4388881921768188,1.0485864877700806,0.875466525554657,0.0,1.779538631439209,0.6962195038795471
1.4458401203155518,1.0346060991287231,0.8656014204025269,0.0,1.6839590072631836,0.7985939383506775
1.4588112831115723,1.0950342416763306,0.8695881962776184,0.0,1.4826784133911133,0.6927316784858704
1.4948033094406128,1.7675085067749023,0.8531079888343811,0.0,1.5202580690383911,0.753119945526123
1.4882419109344482,1.696428894996643,0.8705183863639832,0.0,1.3147221803665161,0.7770389914512634
1.4770725965499878,1.696428894996643,0.8356949090957642,0.0,1.3491712808609009,0.7682177424430847
1.4960881471633911,2.0140843391418457,0.8395503163337708,0.0,1.3491712808609009,0.7995992302894592
1.576278567314148,2.0140843391418457,0.9493345022201538,0.0,1.405605435371399,0.8045291304588318
1.4833507537841797,1.2244337797164917,0.7969376444816589,0.0,1.3478946685791016,0.8045291304588318
1.4543548822402954,1.2244337797164917,0.839354932308197,0.0,1.3888041973114014,0.8652193546295166
1.4841773509979248,1.2611405849456787,0.7782256007194519,0.0,1.3393698930740356,0.882639467716217
1.4735019207000732,1.2915937900543213,0.7784402370452881,0.0,1.3336820602416992,0.8507652878761292
1.4869478940963745,1.36458420753479,0.7739927768707275,0.0,1.347769021987915,0.8727986812591553
1.5603688955307007,1.36458420753479,0.8988051414489746,0.0,1.347769021987915,0.8903768062591553
1.5184502601623535,1.3377352952957153,0.9759063124656677,0.0,1.347769021987915,0.9428296685218811
1.4965574741363525,1.380537509918213,0.7893508076667786,0.0,1.236255407333374,0.9118044376373291
1.5261331796646118,1.380537509918213,0.7886256575584412,0.0,1.2441656589508057,0.920685350894928
1.5261331796646118,1.3291531801223755,0.7928588390350342,0.0,1.2441656589508057,0.9194275736808777
