pwm.m1_pwm,pwm.m2_pwm,pwm.m3_pwm,pwm.m4_pwm
51901.0,49235.0,50332.0,47600.0
52964.0,48632.0,48619.0,47609.0
51278.0,49824.0,50182.0,45189.0
49897.0,49344.0,50413.0,45025.0
49164.0,47132.0,50778.0,46714.0
50260.0,50192.0,50493.0,42865.0
50776.0,46140.0,49265.0,47906.0
47742.0,49024.0,51726.0,45017.0
52190.0,47241.0,47410.0,46463.0
36382.0,56795.0,57592.0,30462.0
46838.0,49705.0,51680.0,42742.0
45024.0,49239.0,52791.0,42381.0
47491.0,48127.0,50258.0,43093.0
48436.0,46411.0,48943.0,44586.0
49638.0,46410.0,47160.0,43753.0
48176.0,45487.0,48507.0,43481.0
51650.0,43240.0,43063.0,45303.0
48413.0,44230.0,46488.0,43767.0
51114.0,43913.0,42941.0,43544.0
35209.0,55640.0,55355.0,24588.0
46003.0,47633.0,48312.0,39870.0
47588.0,45965.0,47121.0,40439.0
48384.0,46860.0,45005.0,41112.0
46419.0,46288.0,46461.0,41104.0
47264.0,44163.0,46239.0,42712.0
48145.0,43440.0,45299.0,43319.0
46191.0,45059.0,47057.0,41599.0
47092.0,42826.0,46424.0,43956.0
48289.0,41861.0,44231.0,45055.0
31354.0,54581.0,55396.0,26671.0
45097.0,46670.0,47547.0,39108.0
45956.0,44183.0,46859.0,42342.0
46734.0,45237.0,46203.0,41123.0
46020.0,45418.0,45225.0,42338.0
47398.0,44453.0,45775.0,42041.0
47601.0,42525.0,45796.0,44276.0
47758.0,43184.0,45286.0,42632.0
48179.0,42111.0,41899.0,45302.0
49531.0,41141.0,42056.0,44425.0
48817.0,42365.0,43402.0,42979.0
33280.0,54772.0,55045.0,24420.0
42741.0,48361.0,49020.0,36529.0
43666.0,46249.0,47224.0,41329.0
45378.0,47714.0,46822.0,38099.0
46200.0,45714.0,46316.0,39951.0
46478.0,43397.0,45884.0,43348.0
48431.0,45015.0,43991.0,41528.0
47328.0,43424.0,45393.0,43465.0
49017.0,43990.0,43768.0,43133.0
46800.0,41986.0,45820.0,44050.0
43933.0,43775.0,47568.0,41122.0
42711.0,43957.0,46968.0,40492.0
40830.0,45627.0,48875.0,37383.0
44340.0,45095.0,45804.0,38770.0
44091.0,40853.0,45522.0,42474.0
45569.0,43725.0,44753.0,39786.0
46049.0,39639.0,42742.0,42956.0
46830.0,40704.0,42104.0,41904.0
45633.0,39342.0,43200.0,42581.0
45075.0,38700.0,42735.0,42503.0
28342.0,52293.0,54000.0,22609.0
41616.0,45736.0,46358.0,34834.0
43343.0,43100.0,45177.0,37878.0
43489.0,40791.0,43761.0,39816.0
41289.0,40267.0,44475.0,38809.0
36908.0,37401.0,47236.0,38384.0
40701.0,40664.0,43929.0,35473.0
45397.0,37491.0,39043.0,40061.0
42722.0,36256.0,42148.0,40216.0
39384.0,33447.0,43953.0,41896.0
34243.0,48063.0,48524.0,25968.0
40928.0,37893.0,43131.0,39065.0
43201.0,40629.0,41229.0,36737.0
41266.0,38215.0,42674.0,38529.0
42245.0,41386.0,42507.0,36026.0
45454.0,40533.0,40148.0,38455.0
44121.0,39987.0,42182.0,39058.0
41577.0,38287.0,45562.0,40422.0
40523.0,42641.0,45867.0,36339.0
43769.0,40215.0,44790.0,38997.0
45009.0,43434.0,43807.0,38427.0
42830.0,42129.0,46874.0,40784.0
45337.0,41128.0,47364.0,38583.0
46481.0,43649.0,45056.0,41218.0
46161.0,43101.0,45955.0,42229.0
45495.0,43153.0,47178.0,42925.0
47159.0,45570.0,46930.0,42158.0
46528.0,46487.0,48484.0,42308.0
48191.0,47983.0,47745.0,41782.0
50373.0,46242.0,48196.0,44317.0
49760.0,49824.0,48459.0,42546.0
50822.0,49068.0,48540.0,45176.0
52040.0,52170.0,48812.0,44104.0
52829.0,50713.0,51834.0,44764.0
46703.0,54399.0,53929.0,49386.0
52782.0,53550.0,53516.0,46820.0
53734.0,53326.0,54004.0,48857.0
53160.0,54036.0,54648.0,49807.0
52815.0,56531.0,55717.0,48670.0
48806.0,57997.0,58141.0,50950.0
54794.0,55724.0,57103.0,51189.0
55914.0,56700.0,56429.0,52146.0
56780.0,57660.0,56887.0,52669.0
56248.0,58160.0,57814.0,52457.0
57135.0,58433.0,58170.0,53304.0
58887.0,58732.0,57593.0,53424.0
58281.0,58557.0,58285.0,54785.0
58334.0,59073.0,59234.0,55438.0
59079.0,57566.0,59833.0,56016.0
59280.0,58353.0,58435.0,56361.0
59972.0,57301.0,57770.0,56917.0
58680.0,59378.0,58330.0,56627.0
59118.0,59814.0,57975.0,55492.0
59612.0,59307.0,59140.0,53902.0
59588.0,57665.0,56820.0,56008.0
60023.0,57261.0,55481.0,55796.0
58036.0,55837.0,56256.0,55408.0
58125.0,53651.0,55688.0,57020.0
57818.0,53188.0,53960.0,56475.0
58804.0,48624.0,54693.0,55304.0
41021.0,39617.0,62070.0,61091.0
52540.0,49938.0,56890.0,55153.0
54580.0,51467.0,53195.0,53142.0
56952.0,49354.0,56648.0,48485.0
53969.0,56911.0,48861.0,48044.0
54801.0,53833.0,50260.0,46491.0
53657.0,56177.0,50403.0,41238.0
53331.0,57804.0,49841.0,37124.0
52111.0,55922.0,49318.0,38865.0
53042.0,52982.0,46956.0,41326.0
28896.0,37261.0,59601.0,54024.0
46978.0,47009.0,54272.0,45035.0
44460.0,51224.0,53957.0,43640.0
43193.0,49206.0,54316.0,44889.0
44470.0,49944.0,52968.0,43187.0
48548.0,49417.0,49772.0,44100.0
49779.0,49700.0,49134.0,44077.0
48437.0,53099.0,46761.0,43362.0
47808.0,52299.0,50613.0,38855.0
49489.0,50764.0,51518.0,36835.0
30911.0,35220.0,59641.0,53562.0
45646.0,50997.0,49717.0,46650.0
47711.0,51716.0,49489.0,45879.0
48208.0,51137.0,52563.0,43593.0
49647.0,52873.0,51890.0,40438.0
48029.0,53792.0,51064.0,42544.0
48800.0,53530.0,50337.0,44033.0
48235.0,53408.0,52753.0,40947.0
49441.0,53560.0,51612.0,40810.0
49327.0,53384.0,50792.0,42842.0
32421.0,38090.0,59797.0,56503.0
47706.0,50620.0,53779.0,46628.0
49046.0,51361.0,53282.0,45718.0
51475.0,52584.0,51673.0,45634.0
49919.0,52532.0,51975.0,46764.0
51059.0,52922.0,51858.0,44622.0
52222.0,52659.0,51194.0,44449.0
51652.0,53680.0,50819.0,42871.0
50285.0,54258.0,50583.0,43013.0
48323.0,53112.0,53133.0,42897.0
49573.0,51500.0,52192.0,45476.0
35050.0,37585.0,60102.0,57053.0
47590.0,49671.0,54433.0,50205.0
49799.0,50278.0,53402.0,49105.0
51571.0,51618.0,52469.0,48124.0
50445.0,52558.0,53067.0,46410.0
52726.0,51972.0,52501.0,44224.0
52340.0,54259.0,50591.0,43593.0
53962.0,52109.0,49717.0,44928.0
55407.0,51630.0,47193.0,46240.0
54368.0,53322.0,48109.0,44399.0
37034.0,36218.0,59931.0,57952.0
48048.0,52155.0,54695.0,47708.0
48714.0,51059.0,55811.0,48628.0
49961.0,51792.0,54576.0,48754.0
51199.0,50365.0,56422.0,47539.0
52593.0,52834.0,53393.0,49299.0
55769.0,52558.0,50452.0,48862.0
55109.0,52925.0,50917.0,47963.0
53802.0,55159.0,52589.0,45042.0
53306.0,55834.0,52707.0,44233.0
36521.0,40127.0,60950.0,57966.0
50442.0,50717.0,55391.0,50509.0
50183.0,51754.0,55680.0,49598.0
52665.0,53270.0,54082.0,49092.0
53035.0,52086.0,53628.0,50135.0
53488.0,51632.0,52930.0,50427.0
53896.0,52268.0,52592.0,49571.0
53496.0,54456.0,52936.0,47477.0
54013.0,52686.0,51635.0,50693.0
55420.0,52177.0,50980.0,50360.0
54017.0,52804.0,52758.0,49869.0
45439.0,47472.0,58714.0,54720.0
49900.0,53487.0,55945.0,48996.0
51342.0,53512.0,55001.0,48869.0
51795.0,53774.0,53772.0,49967.0
52258.0,54233.0,53704.0,48406.0
50770.0,54392.0,54582.0,47627.0
50814.0,54111.0,54092.0,47348.0
50835.0,54856.0,52970.0,47236.0
51623.0,54067.0,51833.0,47809.0
49303.0,55543.0,52430.0,46686.0
50115.0,53613.0,52992.0,46337.0
51401.0,51567.0,51771.0,49887.0
49877.0,51543.0,53620.0,48568.0
50397.0,51216.0,53531.0,48546.0
50387.0,51095.0,53581.0,48950.0
50157.0,53131.0,53275.0,48222.0
51576.0,51198.0,52566.0,49083.0
50945.0,51712.0,53189.0,47549.0
50535.0,50763.0,53373.0,48234.0
50535.0,51388.0,53607.0,48211.0
51268.0,51234.0,54909.0,45935.0
50789.0,50973.0,54790.0,47377.0
51316.0,51818.0,54008.0,48174.0
55260.0,50564.0,50106.0,50691.0
59701.0,43008.0,54972.0,43042.0
52905.0,50846.0,53825.0,48036.0
50991.0,52221.0,54263.0,48151.0
55895.0,48053.0,49969.0,50862.0
54765.0,50703.0,51012.0,48128.0
53310.0,52929.0,52801.0,46423.0
60851.0,38324.0,36724.0,57555.0
53966.0,50746.0,50168.0,49084.0
52787.0,49659.0,51048.0,48242.0
51596.0,51267.0,52006.0,45618.0
49251.0,51505.0,52703.0,43697.0
47514.0,50354.0,54173.0,41896.0
47667.0,51265.0,52271.0,41405.0
47819.0,51884.0,52010.0,40741.0
49491.0,49298.0,50158.0,42477.0
48646.0,46256.0,51474.0,43365.0
59202.0,29282.0,34153.0,53784.0
50821.0,45105.0,46828.0,45246.0
51791.0,44019.0,45256.0,45711.0
50137.0,45255.0,46916.0,44271.0
52930.0,43320.0,46253.0,40731.0
48371.0,44365.0,47822.0,41597.0
47900.0,47326.0,45260.0,41795.0
47579.0,44670.0,47870.0,39426.0
45430.0,44569.0,49764.0,36614.0
43681.0,45988.0,49451.0,35681.0
57463.0,28510.0,27428.0,51551.0
48750.0,41062.0,42844.0,41492.0
46055.0,42447.0,45776.0,37846.0
44841.0,42314.0,44971.0,38092.0
43861.0,40570.0,46300.0,40452.0
44490.0,43939.0,45962.0,37019.0
42579.0,43563.0,46618.0,35978.0
42664.0,40766.0,47407.0,36457.0
42277.0,44403.0,46867.0,34440.0
43984.0,42257.0,47585.0,31554.0
55302.0,21803.0,27307.0,49504.0
44988.0,39187.0,44200.0,37892.0
42440.0,38254.0,45842.0,41490.0
41299.0,41940.0,43683.0,40321.0
43904.0,41381.0,43960.0,37141.0
41599.0,39827.0,48781.0,36885.0
37537.0,41972.0,50263.0,34499.0
39173.0,44172.0,48332.0,34672.0
41931.0,42492.0,47034.0,35297.0
40349.0,44596.0,47817.0,34733.0
49662.0,33760.0,39274.0,45329.0
42849.0,40492.0,47096.0,41193.0
42235.0,44959.0,44723.0,41989.0
46398.0,39971.0,47271.0,40494.0
46865.0,42498.0,44812.0,41520.0
44805.0,41079.0,47754.0,42019.0
41011.0,46577.0,47795.0,42672.0
45064.0,44660.0,47805.0,41030.0
46484.0,44224.0,47092.0,42336.0
44581.0,44012.0,49856.0,42290.0
40711.0,46507.0,52900.0,40191.0
41460.0,47406.0,49978.0,46602.0
46236.0,45973.0,49812.0,43788.0
47041.0,44048.0,51626.0,44136.0
46423.0,46667.0,51184.0,44406.0
45576.0,46532.0,52331.0,45819.0
44536.0,49595.0,49613.0,47316.0
48440.0,47665.0,51109.0,43799.0
49172.0,47817.0,49907.0,45210.0
50775.0,48245.0,48727.0,44979.0
51105.0,47553.0,48764.0,47011.0
50965.0,47477.0,49650.0,47119.0
48335.0,47374.0,52110.0,47986.0
47311.0,48471.0,53410.0,47512.0
49070.0,49205.0,52915.0,47839.0
49004.0,48894.0,52826.0,48198.0
49525.0,48271.0,52101.0,49963.0
48979.0,47800.0,53086.0,49995.0
49038.0,47791.0,53457.0,50735.0
46887.0,50660.0,51365.0,53299.0
50932.0,49681.0,51784.0,50267.0
51533.0,50037.0,52233.0,49297.0
50985.0,48617.0,52834.0,50997.0
50228.0,49242.0,53736.0,50835.0
50874.0,51076.0,52625.0,49751.0
49614.0,49841.0,54281.0,50435.0
51321.0,50240.0,53082.0,50319.0
51002.0,48942.0,53713.0,52213.0
52290.0,50017.0,52503.0,51977.0
51152.0,48589.0,54150.0,53006.0
51894.0,48650.0,53634.0,53221.0
53324.0,48913.0,52594.0,53192.0
53669.0,50716.0,51945.0,52267.0
52565.0,49866.0,53574.0,52644.0
53949.0,49874.0,52237.0,52742.0
53462.0,50169.0,52571.0,52574.0
52299.0,51205.0,50663.0,54225.0
54928.0,50097.0,51146.0,52216.0
54288.0,49464.0,51729.0,52681.0
54978.0,48790.0,50907.0,53344.0
52437.0,50414.0,50803.0,54312.0
55158.0,50846.0,50241.0,51088.0
52981.0,50267.0,52740.0,51646.0
51813.0,50710.0,53907.0,51142.0
52252.0,52459.0,53578.0,49005.0
50437.0,52570.0,52915.0,51306.0
52138.0,52532.0,53752.0,47662.0
51464.0,53480.0,53287.0,47144.0
50667.0,51305.0,53619.0,48722.0
50853.0,50123.0,53368.0,49706.0
58751.0,60017.0,37588.0,35716.0
55103.0,52196.0,47758.0,46484.0
54741.0,51619.0,47830.0,47437.0
50066.0,52101.0,53082.0,46671.0
47059.0,52136.0,53163.0,49009.0
48187.0,51268.0,53906.0,47253.0
47462.0,50419.0,54544.0,48030.0
47346.0,49281.0,54610.0,49158.0
48932.0,50062.0,53502.0,48362.0
49374.0,51248.0,53231.0,46892.0
59521.0,58609.0,38263.0,33882.0
52808.0,53642.0,49583.0,44683.0
54051.0,52389.0,49822.0,46399.0
52371.0,51172.0,51189.0,47676.0
53124.0,51158.0,50929.0,48212.0
51903.0,49684.0,51968.0,50536.0
52388.0,48817.0,52470.0,50499.0
50150.0,50331.0,54660.0,49382.0
51597.0,50535.0,53864.0,49650.0
53018.0,50110.0,52307.0,51342.0
61047.0,58580.0,38007.0,37674.0
55301.0,54777.0,49814.0,44858.0
55355.0,52980.0,49890.0,47008.0
54222.0,53296.0,50137.0,47643.0
54846.0,51395.0,50295.0,48111.0
52587.0,49912.0,52587.0,49446.0
52391.0,49530.0,52411.0,49361.0
52145.0,48788.0,52206.0,49987.0
50908.0,49065.0,52085.0,50797.0
51820.0,48971.0,52684.0,49809.0
59632.0,58933.0,39627.0,33203.0
55498.0,50339.0,48452.0,47825.0
53373.0,51149.0,50463.0,49083.0
53150.0,50804.0,51930.0,49004.0
49300.0,49186.0,55036.0,49959.0
50927.0,49571.0,53882.0,49622.0
52474.0,48120.0,53156.0,50810.0
51331.0,48114.0,54339.0,50069.0
50149.0,49505.0,51474.0,53279.0
49268.0,50903.0,55812.0,49170.0
60247.0,59563.0,41253.0,33875.0
53124.0,53030.0,52592.0,46957.0
54244.0,52984.0,53043.0,48743.0
53117.0,53552.0,53524.0,48514.0
51348.0,51460.0,55506.0,50967.0
49914.0,49497.0,56572.0,52506.0
51171.0,47743.0,55437.0,53824.0
50336.0,49381.0,54847.0,53535.0
51186.0,49265.0,54803.0,52050.0
50123.0,49481.0,56329.0,50077.0
61024.0,58395.0,38257.0,35835.0
53669.0,51535.0,47164.0,49146.0
54551.0,51422.0,46902.0,46814.0
52691.0,49062.0,49797.0,47023.0
49098.0,49199.0,51585.0,46957.0
49125.0,46833.0,51498.0,48152.0
47227.0,46431.0,49706.0,50759.0
48192.0,46163.0,50617.0,49563.0
49481.0,44776.0,51482.0,47640.0
47656.0,45083.0,51501.0,48531.0
58265.0,57097.0,34017.0,32172.0
51395.0,49013.0,46669.0,45685.0
51259.0,47035.0,48994.0,45464.0
49855.0,46032.0,49541.0,47429.0
50193.0,44835.0,49059.0,48552.0
48174.0,45394.0,49688.0,49159.0
48266.0,44966.0,50695.0,48276.0
48257.0,44083.0,51092.0,48531.0
48264.0,43922.0,50847.0,49440.0
46517.0,44570.0,51850.0,49001.0
58324.0,56938.0,35500.0,30772.0
49549.0,48799.0,49522.0,44402.0
49180.0,47465.0,49875.0,46153.0
49565.0,46221.0,47534.0,48679.0
47677.0,47365.0,50121.0,46405.0
49425.0,45850.0,49385.0,47548.0
48316.0,44797.0,50565.0,48421.0
48974.0,43631.0,49980.0,49767.0
48931.0,45308.0,50549.0,48651.0
48651.0,45025.0,50661.0,49546.0
47593.0,45944.0,52352.0,48500.0
58663.0,57255.0,36108.0,31565.0
50689.0,50015.0,49846.0,45040.0
52221.0,48858.0,48269.0,47369.0
50860.0,49317.0,50204.0,46522.0
51003.0,46491.0,49956.0,49388.0
49780.0,46117.0,50968.0,49831.0
49664.0,47181.0,51711.0,48940.0
48810.0,46791.0,52666.0,49439.0
49868.0,46302.0,51890.0,50135.0
48909.0,47898.0,52826.0,48669.0
59306.0,58068.0,37282.0,32756.0
53941.0,52967.0,48235.0,43160.0
52081.0,50571.0,50164.0,45855.0
51734.0,49820.0,50508.0,46674.0
50452.0,49976.0,50102.0,48700.0
48874.0,49814.0,52804.0,48529.0
49541.0,48989.0,53286.0,48667.0
51070.0,47792.0,51881.0,49882.0
47410.0,51457.0,53219.0,48252.0
47866.0,49576.0,54713.0,47931.0
48280.0,49042.0,54604.0,48223.0
50263.0,48895.0,52916.0,48760.0
50050.0,51217.0,51850.0,48176.0
50082.0,51327.0,53267.0,46062.0
50804.0,50998.0,52563.0,46444.0
50868.0,50490.0,52721.0,47094.0
50235.0,50046.0,53388.0,47457.0
49982.0,51590.0,53837.0,45743.0
48810.0,51535.0,54560.0,46060.0
49406.0,50552.0,54182.0,47216.0
49025.0,49887.0,54546.0,48013.0
47964.0,50871.0,54864.0,47379.0
48694.0,51529.0,54575.0,45991.0
49955.0,49566.0,53498.0,47804.0
47304.0,50710.0,54564.0,46451.0
51617.0,50052.0,51011.0,47421.0
52316.0,50702.0,50863.0,45913.0
51060.0,50694.0,51675.0,45539.0
53224.0,50392.0,49612.0,46401.0
53590.0,49878.0,49644.0,47351.0
51068.0,51180.0,52589.0,45644.0
47920.0,52111.0,54963.0,45213.0
50157.0,51524.0,53539.0,46075.0
47998.0,51733.0,55272.0,45519.0
47705.0,51655.0,54991.0,45966.0
49032.0,51819.0,54294.0,45549.0
49860.0,52338.0,53311.0,44768.0
48230.0,52238.0,54601.0,44392.0
50560.0,52844.0,51881.0,44631.0
51011.0,51473.0,51510.0,44955.0
51813.0,51699.0,50943.0,43898.0
50277.0,51585.0,50992.0,45054.0
49919.0,50646.0,51853.0,44884.0
50759.0,49922.0,51096.0,45804.0
49713.0,50461.0,52012.0,45357.0
50113.0,50453.0,52064.0,45814.0
50414.0,50273.0,51231.0,46886.0
49014.0,50213.0,52680.0,46118.0
48847.0,50047.0,52973.0,46318.0
48833.0,51609.0,53105.0,44486.0
50492.0,51986.0,51647.0,44531.0
50194.0,51513.0,52360.0,45147.0
51040.0,52876.0,48057.0,48021.0
51094.0,51933.0,51585.0,44987.0
53462.0,51918.0,48953.0,45207.0
52115.0,52672.0,50703.0,44382.0
54183.0,50956.0,48264.0,47197.0
53042.0,53595.0,49275.0,43208.0
54228.0,52109.0,48114.0,45678.0
51359.0,51038.0,52489.0,45197.0
52474.0,51705.0,50199.0,46918.0
50792.0,52115.0,52612.0,45944.0
51399.0,55509.0,48256.0,45521.0
49966.0,53049.0,53163.0,45166.0
51925.0,52415.0,51586.0,45999.0
51898.0,53167.0,49287.0,48248.0
53564.0,52025.0,50365.0,46748.0
53482.0,52646.0,50819.0,46605.0
53398.0,54056.0,50835.0,44414.0
51343.0,54232.0,53409.0,44653.0
53570.0,52796.0,51169.0,46919.0
53753.0,52277.0,50810.0,47480.0
52238.0,54135.0,52545.0,45505.0
55271.0,53481.0,48143.0,45607.0
52072.0,53470.0,51768.0,45052.0
53071.0,53969.0,49297.0,45982.0
51608.0,52074.0,51015.0,47729.0
52577.0,50310.0,51627.0,47999.0
52953.0,51253.0,50670.0,48112.0
51810.0,52851.0,49987.0,48328.0
50937.0,51431.0,52252.0,47058.0
51656.0,51593.0,51686.0,46812.0
52918.0,52409.0,50286.0,44252.0
50836.0,52786.0,51217.0,43339.0
49854.0,54999.0,46839.0,43989.0
50196.0,50609.0,50216.0,44996.0
50510.0,49903.0,50246.0,45228.0
49063.0,49391.0,51285.0,45384.0
49192.0,48411.0,50995.0,46245.0
49095.0,49633.0,50662.0,45635.0
49081.0,48526.0,51071.0,46195.0
48681.0,47623.0,52210.0,46257.0
50357.0,50267.0,48633.0,45865.0
49505.0,47574.0,51416.0,47328.0
50389.0,49867.0,50705.0,45838.0
51693.0,49369.0,50233.0,46412.0
49651.0,51291.0,51911.0,44602.0
50873.0,49704.0,51556.0,46273.0
51907.0,49584.0,50730.0,47448.0
49863.0,50296.0,53315.0,47311.0
50193.0,51209.0,53451.0,46956.0
49769.0,51890.0,54381.0,46734.0
50366.0,52047.0,54156.0,47266.0
50812.0,51995.0,54071.0,47781.0
50237.0,52575.0,54766.0,47475.0
51654.0,51091.0,54026.0,49374.0
49364.0,53504.0,56028.0,46880.0
53586.0,51546.0,52579.0,49416.0
52736.0,52244.0,53370.0,48706.0
54995.0,51330.0,51327.0,49997.0
55669.0,52217.0,50971.0,49639.0
54704.0,52690.0,51986.0,48772.0
55465.0,51984.0,51140.0,50055.0
55038.0,51340.0,51835.0,50204.0
55893.0,50846.0,50065.0,50534.0
51054.0,50700.0,53894.0,48473.0
51585.0,49972.0,53434.0,47841.0
49354.0,51730.0,54418.0,46433.0
50392.0,51341.0,53464.0,46325.0
50290.0,52028.0,53559.0,46074.0
49773.0,53266.0,54055.0,44613.0
51126.0,52424.0,53083.0,45617.0
51277.0,51901.0,52629.0,45818.0
52583.0,51479.0,51528.0,46545.0
51882.0,51074.0,51871.0,46722.0
50585.0,50280.0,53158.0,47252.0
53569.0,50776.0,50718.0,47636.0
53051.0,50442.0,51925.0,48178.0
50695.0,49775.0,53775.0,48372.0
51841.0,49391.0,52752.0,48893.0
51306.0,49081.0,53959.0,48921.0
52368.0,50095.0,52788.0,48294.0
50533.0,50642.0,54406.0,47641.0
49772.0,51773.0,54950.0,46476.0
50283.0,52841.0,54265.0,45418.0
52118.0,52904.0,53312.0,45639.0
51932.0,52169.0,53636.0,46698.0
53592.0,51817.0,51736.0,47351.0
53182.0,51363.0,52342.0,47664.0
53056.0,51652.0,52474.0,47295.0
53448.0,52183.0,52136.0,46696.0
52954.0,52372.0,52226.0,46605.0
52236.0,53094.0,52587.0,46311.0
53537.0,50348.0,52033.0,48581.0
51444.0,50854.0,53455.0,47651.0
52893.0,49301.0,51933.0,48940.0
50940.0,49848.0,53557.0,48187.0
51074.0,50122.0,53297.0,47452.0
50802.0,50549.0,53530.0,46808.0
50312.0,51603.0,53961.0,45659.0
50649.0,52017.0,53626.0,44914.0
50680.0,51930.0,53787.0,45281.0
51001.0,51850.0,53181.0,46418.0
52800.0,50672.0,52092.0,46647.0
51854.0,51675.0,52399.0,45386.0
50249.0,54772.0,50634.0,42721.0
51267.0,51327.0,51129.0,45541.0
52279.0,53277.0,50207.0,39997.0
53106.0,52232.0,47362.0,40776.0
50726.0,49739.0,49618.0,43954.0
49234.0,49682.0,48714.0,42405.0
49092.0,45731.0,49856.0,44318.0
48736.0,46913.0,48652.0,43406.0
47922.0,46234.0,47680.0,44580.0
47648.0,44437.0,48562.0,45260.0
47955.0,47657.0,47285.0,40538.0
48254.0,47851.0,45544.0,39032.0
46809.0,45235.0,46867.0,41643.0
45425.0,45362.0,46633.0,41212.0
46866.0,43927.0,46295.0,39629.0
44778.0,48230.0,46128.0,35069.0
43932.0,44357.0,47094.0,39627.0
45237.0,44529.0,43963.0,38813.0
45370.0,44766.0,43649.0,36946.0
43125.0,43369.0,44404.0,36786.0
41800.0,41385.0,45614.0,39062.0
38951.0,45627.0,46455.0,32695.0
40341.0,41252.0,45872.0,38052.0
42950.0,44701.0,42717.0,33176.0
40318.0,44947.0,43284.0,32818.0
35488.0,40258.0,47011.0,37572.0
37261.0,42384.0,45699.0,33419.0
40600.0,41639.0,43197.0,35459.0
38501.0,40694.0,43134.0,35768.0
34476.0,40791.0,47010.0,34697.0
38673.0,41891.0,42594.0,31888.0
40605.0,41085.0,38280.0,35562.0
38189.0,41405.0,42944.0,33421.0
37002.0,40577.0,43641.0,34770.0
41883.0,41236.0,40063.0,33463.0
40903.0,39621.0,42312.0,36521.0
42533.0,41601.0,41604.0,35135.0
40221.0,38782.0,43408.0,40697.0
34101.0,42566.0,49344.0,35114.0
44150.0,40398.0,41692.0,38465.0
38238.0,42053.0,47813.0,37345.0
42649.0,43413.0,43870.0,38651.0
40226.0,44247.0,47970.0,37564.0
40362.0,44952.0,49349.0,38450.0
45528.0,45456.0,45688.0,39330.0
43720.0,46774.0,47925.0,40122.0
44443.0,46566.0,49039.0,40889.0
48833.0,46791.0,46724.0,42144.0
49286.0,49063.0,48025.0,41326.0
47387.0,48580.0,50349.0,44162.0
51679.0,48690.0,47691.0,44187.0
52898.0,44917.0,47804.0,49282.0
50449.0,48537.0,51759.0,47189.0
49445.0,50082.0,53189.0,47653.0
52173.0,48551.0,52735.0,49982.0
53108.0,51135.0,53345.0,48508.0
53639.0,51220.0,53281.0,49859.0
54652.0,51527.0,53340.0,50881.0
55968.0,52446.0,53042.0,51052.0
56392.0,53392.0,54250.0,50917.0
56301.0,54537.0,54585.0,51020.0
57875.0,52367.0,52605.0,53710.0
58744.0,53162.0,52256.0,53627.0
58050.0,53558.0,53941.0,53357.0
57703.0,54823.0,54617.0,53235.0
56162.0,55413.0,56126.0,53141.0
56048.0,55439.0,56761.0,53627.0
55281.0,55135.0,57814.0,54624.0
57211.0,54575.0,57799.0,55617.0
57613.0,54991.0,57204.0,56389.0
58593.0,55638.0,56353.0,56546.0
59201.0,54543.0,57046.0,57226.0
58750.0,56173.0,57803.0,56740.0
57992.0,56697.0,58173.0,56734.0
60284.0,55656.0,56238.0,58238.0
59567.0,55284.0,57297.0,57969.0
57675.0,54557.0,58783.0,59308.0
57307.0,54185.0,59079.0,59491.0
59112.0,54910.0,56222.0,58132.0
58867.0,55181.0,56372.0,56461.0
58201.0,56165.0,56163.0,56087.0
56684.0,54510.0,56781.0,56688.0
57009.0,53095.0,55439.0,57393.0
55578.0,53727.0,56650.0,54920.0
55659.0,55330.0,54943.0,52480.0
54466.0,53232.0,55185.0,53424.0
54540.0,52359.0,55725.0,54060.0
53524.0,54258.0,55301.0,51880.0
53860.0,55143.0,55451.0,50147.0
54551.0,54154.0,54900.0,50794.0
54425.0,54897.0,54870.0,50997.0
56402.0,55484.0,53296.0,50039.0
55399.0,56310.0,55026.0,49831.0
54688.0,56503.0,55863.0,49428.0
56539.0,56577.0,54551.0,49227.0
56946.0,56730.0,53594.0,49769.0
54598.0,58045.0,54780.0,48231.0
53591.0,54971.0,56669.0,50869.0
55109.0,57460.0,54623.0,46698.0
54251.0,55150.0,55344.0,49776.0
56416.0,56216.0,52208.0,47476.0
54802.0,56462.0,52487.0,46830.0
53740.0,55440.0,52956.0,45775.0
53228.0,55316.0,53347.0,45755.0
49958.0,55912.0,55139.0,44030.0
52048.0,54723.0,53483.0,45115.0
52637.0,55293.0,52077.0,44425.0
53034.0,52949.0,51937.0,46128.0
51536.0,52112.0,52602.0,46691.0
50884.0,52834.0,53292.0,45505.0
50696.0,52195.0,53085.0,47078.0
51066.0,52763.0,53246.0,45473.0
52542.0,52755.0,52454.0,46025.0
55452.0,52449.0,49056.0,47360.0
56611.0,52584.0,48007.0,46726.0
57147.0,48587.0,49614.0,48936.0
53557.0,52260.0,52097.0,47281.0
53565.0,50923.0,51966.0,49642.0
53098.0,52775.0,53059.0,47114.0
52641.0,52570.0,54098.0,47325.0
52485.0,53430.0,54625.0,46400.0
50900.0,54677.0,55805.0,46045.0
49171.0,54869.0,56329.0,46242.0
52656.0,51548.0,54835.0,48533.0
52865.0,53130.0,54058.0,47655.0
51820.0,53122.0,54325.0,47419.0
54732.0,50938.0,50995.0,49276.0
52024.0,52275.0,53590.0,47560.0
54439.0,52282.0,51234.0,48498.0
52773.0,51077.0,53321.0,49913.0
52135.0,52703.0,53881.0,47487.0
50963.0,51554.0,55483.0,48256.0
53086.0,50667.0,53002.0,49981.0
52364.0,50831.0,53724.0,50003.0
54506.0,50585.0,51271.0,50062.0
51212.0,52262.0,53797.0,45923.0
48132.0,52260.0,54863.0,45405.0
48837.0,51798.0,53389.0,44656.0
50328.0,51701.0,50461.0,46011.0
51569.0,48989.0,51543.0,46779.0
51470.0,49049.0,52360.0,46918.0
50128.0,50086.0,53136.0,47268.0
50176.0,51585.0,53150.0,46260.0
46831.0,53096.0,55562.0,45800.0
50188.0,51236.0,54404.0,46784.0
48198.0,53402.0,55632.0,45382.0
47288.0,52508.0,56331.0,46898.0
47340.0,52656.0,56657.0,47699.0
46669.0,53462.0,57102.0,47206.0
50317.0,53784.0,55297.0,46761.0
50070.0,52593.0,55449.0,48818.0
50294.0,52975.0,55214.0,48833.0
51248.0,53564.0,54077.0,48229.0
49825.0,52638.0,55436.0,48407.0
52291.0,51269.0,53546.0,49150.0
53806.0,49664.0,51159.0,50458.0
51370.0,51188.0,53547.0,48150.0
51433.0,49095.0,52130.0,49934.0
49330.0,50382.0,52049.0,49221.0
52732.0,46649.0,50047.0,50244.0
47061.0,49962.0,54367.0,46660.0
52493.0,47145.0,49883.0,48460.0
50398.0,49125.0,50754.0,46479.0
46329.0,49913.0,51582.0,46950.0
49765.0,49344.0,50187.0,45440.0
47035.0,49925.0,51656.0,43663.0
48566.0,49800.0,49866.0,42605.0
49622.0,47087.0,48252.0,45141.0
47798.0,48415.0,49761.0,43514.0
45164.0,46271.0,50894.0,45026.0
43829.0,48396.0,51455.0,41208.0
46370.0,46270.0,48760.0,43330.0
47238.0,46010.0,47835.0,43465.0
45082.0,46638.0,48905.0,42538.0
49324.0,44685.0,45420.0,43945.0
45721.0,44610.0,48576.0,43959.0
44119.0,45159.0,49967.0,43126.0
41149.0,46456.0,51689.0,41418.0
45366.0,46101.0,48567.0,41688.0
43124.0,45507.0,49636.0,41477.0
43201.0,44177.0,48838.0,42880.0
43510.0,45389.0,48554.0,41485.0
47731.0,45850.0,44923.0,40795.0
45603.0,47197.0,47187.0,38966.0
41231.0,47581.0,49423.0,40313.0
46388.0,47344.0,46344.0,39378.0
45837.0,47134.0,46403.0,41160.0
48725.0,44345.0,44556.0,43648.0
45847.0,46618.0,47979.0,41868.0
44351.0,45448.0,49266.0,43287.0
46140.0,46035.0,48490.0,43417.0
45555.0,49581.0,48652.0,41004.0
47748.0,46224.0,47571.0,44596.0
42964.0,47662.0,51596.0,44075.0
44917.0,49460.0,50915.0,41140.0
47318.0,47092.0,48996.0,45020.0
49381.0,47280.0,48119.0,45238.0
48504.0,48837.0,49474.0,45587.0
49035.0,49392.0,49561.0,45145.0
49271.0,50434.0,50064.0,44602.0
50493.0,50923.0,49425.0,43278.0
50337.0,48581.0,49660.0,46554.0
51842.0,47557.0,47955.0,48701.0
51378.0,50893.0,49451.0,45642.0
51533.0,52385.0,50541.0,44296.0
51566.0,52773.0,50997.0,45074.0
52403.0,49851.0,50681.0,49163.0
51982.0,51284.0,51927.0,48049.0
51266.0,51687.0,52426.0,48485.0
50708.0,53260.0,53508.0,47158.0
52234.0,52918.0,53081.0,47740.0
52319.0,51394.0,52828.0,48992.0
51656.0,52572.0,52537.0,48561.0
56378.0,51209.0,47638.0,48984.0
53183.0,52102.0,51270.0,47889.0
52381.0,53692.0,52165.0,46662.0
50592.0,55247.0,54321.0,44216.0
54044.0,52191.0,50857.0,48081.0
52254.0,51290.0,51551.0,49750.0
51650.0,52901.0,53147.0,46396.0
52211.0,50092.0,51853.0,49681.0
50950.0,48686.0,52239.0,49466.0
48721.0,49926.0,52154.0,48525.0
50013.0,49421.0,50855.0,46545.0
52040.0,47157.0,48084.0,47802.0
50716.0,47616.0,48816.0,46556.0
50675.0,50367.0,48916.0,43018.0
52673.0,48963.0,46121.0,44296.0
51740.0,48129.0,45657.0,44300.0
52355.0,48720.0,44717.0,43500.0
50684.0,49127.0,46668.0,42907.0
55483.0,47407.0,40672.0,45808.0
51305.0,50412.0,48180.0,42384.0
50677.0,47081.0,48730.0,47221.0
54012.0,47727.0,45105.0,47338.0
53104.0,49571.0,47242.0,46956.0
46694.0,48916.0,54377.0,48418.0
50703.0,50861.0,51623.0,47787.0
50781.0,50917.0,52335.0,48277.0
51252.0,51980.0,52303.0,47515.0
49398.0,53676.0,54417.0,46058.0
50103.0,53069.0,53913.0,47179.0
51708.0,52339.0,52418.0,47715.0
55438.0,51623.0,48900.0,49297.0
54860.0,52370.0,49910.0,47953.0
53187.0,53430.0,51440.0,46448.0
54439.0,53973.0,49566.0,45477.0
57210.0,51527.0,45856.0,49338.0
57995.0,51986.0,45864.0,50443.0
54297.0,53150.0,51728.0,49897.0
55361.0,53336.0,51465.0,50024.0
57165.0,52102.0,50065.0,52815.0
53146.0,55531.0,55730.0,50491.0
56637.0,55061.0,54278.0,53449.0
52705.0,56796.0,57972.0,51671.0
54756.0,57998.0,57086.0,51494.0
54522.0,57502.0,57934.0,52935.0
56270.0,63196.0,57143.0,42551.0
60204.0,57013.0,53475.0,55429.0
60678.0,57556.0,53716.0,56171.0
58312.0,57009.0,56756.0,57281.0
59843.0,57742.0,57446.0,58355.0
58530.0,60816.0,59215.0,55369.0
60858.0,60346.0,58264.0,57924.0
57175.0,62355.0,61852.0,55853.0
56741.0,63060.0,64261.0,57354.0
59704.0,63856.0,62941.0,55418.0
60208.0,61083.0,62956.0,59697.0
58799.0,58804.0,65026.0,62894.0
57723.0,64455.0,65535.0,57393.0
60775.0,65208.0,64807.0,55720.0
58673.0,63859.0,65535.0,56355.0
58048.0,61373.0,65535.0,59196.0
54889.0,62308.0,65535.0,55544.0
52449.0,59281.0,65535.0,57125.0
51833.0,58683.0,64709.0,54746.0
54093.0,54797.0,61168.0,55689.0
54024.0,55924.0,58856.0,52709.0
57654.0,57734.0,54600.0,49521.0
56047.0,55365.0,53621.0,49848.0
51555.0,52980.0,55947.0,51291.0
48959.0,51913.0,56625.0,50125.0
50083.0,53650.0,54131.0,45742.0
46474.0,53206.0,55799.0,44768.0
41011.0,52947.0,58600.0,44409.0
36984.0,49376.0,59724.0,46623.0
46700.0,46897.0,54035.0,48198.0
41594.0,49078.0,56019.0,44481.0
46076.0,45623.0,51793.0,47261.0
38710.0,49000.0,56567.0,41925.0
42469.0,43942.0,54492.0,46953.0
43243.0,46192.0,53357.0,43218.0
39463.0,46539.0,54349.0,40774.0
43842.0,45027.0,50083.0,41301.0
44949.0,44197.0,48130.0,41222.0
43787.0,42987.0,48599.0,42040.0
42722.0,43988.0,49173.0,40405.0
40238.0,45785.0,50983.0,37252.0
43146.0,42025.0,48208.0,42308.0
44006.0,41007.0,46967.0,43855.0
44725.0,41855.0,46764.0,42593.0
40569.0,44064.0,50116.0,40158.0
40394.0,42502.0,50064.0,41718.0
42141.0,41992.0,48769.0,42741.0
45171.0,41993.0,46156.0,42286.0
42550.0,40943.0,47221.0,44540.0
41955.0,42588.0,49529.0,42049.0
44965.0,43323.0,47031.0,41668.0
41027.0,44311.0,50059.0,40067.0
48053.0,41888.0,43173.0,43321.0
43626.0,42268.0,48091.0,42912.0
45655.0,40992.0,46624.0,44362.0
45899.0,42378.0,46468.0,42971.0
46325.0,45296.0,46643.0,40679.0
43544.0,44462.0,49479.0,42125.0
44191.0,48490.0,49316.0,37561.0
46198.0,46382.0,47566.0,41235.0
46185.0,41463.0,47505.0,46453.0
42964.0,47295.0,49537.0,42478.0
45638.0,46163.0,49606.0,43232.0
47616.0,43334.0,47706.0,46562.0
46717.0,45627.0,49504.0,44198.0
48614.0,44887.0,48096.0,45578.0
46732.0,48138.0,50873.0,42455.0
47245.0,48001.0,50614.0,43281.0
49834.0,46492.0,49254.0,45662.0
52160.0,47743.0,46397.0,44664.0
50267.0,47093.0,49261.0,45555.0
47771.0,47033.0,52432.0,46875.0
48060.0,52010.0,53025.0,41052.0
50349.0,49514.0,49489.0,46357.0
51387.0,45900.0,49306.0,50418.0
52389.0,50217.0,49274.0,45277.0
52527.0,51102.0,50192.0,44844.0
52369.0,51034.0,50645.0,45637.0
51951.0,52025.0,51676.0,44700.0
53648.0,51036.0,49916.0,46733.0
50624.0,53674.0,54412.0,42935.0
52211.0,50041.0,52128.0,49189.0
53463.0,52018.0,51881.0,47472.0
53743.0,52343.0,52187.0,47602.0
54450.0,52776.0,51828.0,48108.0
56243.0,51100.0,49970.0,50766.0
55573.0,50562.0,51214.0,51493.0
55838.0,51429.0,50608.0,51532.0
56241.0,52114.0,51669.0,50412.0
55894.0,52069.0,52757.0,51057.0
56668.0,52165.0,52503.0,52075.0
56036.0,52712.0,51550.0,53473.0
57301.0,55012.0,51957.0,48984.0
56453.0,53652.0,52719.0,50411.0
53379.0,51727.0,55873.0,52454.0
52687.0,53186.0,55115.0,51941.0
53777.0,54325.0,55198.0,47606.0
56926.0,52304.0,49320.0,49478.0
56089.0,51908.0,50037.0,48981.0
55018.0,52770.0,50976.0,47507.0
52866.0,52252.0,53037.0,47855.0
54385.0,52801.0,51098.0,47008.0
53293.0,54332.0,51813.0,44959.0
52908.0,50247.0,51847.0,49676.0
49653.0,49559.0,55137.0,50947.0
50939.0,52951.0,54536.0,47055.0
57969.0,49772.0,44757.0,49946.0
52287.0,53452.0,51873.0,44248.0
55314.0,53738.0,48743.0,44948.0
53136.0,53486.0,51257.0,45406.0
54150.0,52273.0,50187.0,47836.0
54929.0,52984.0,49672.0,46966.0
50748.0,51762.0,53568.0,48556.0
54817.0,52103.0,49036.0,47174.0
50483.0,52674.0,53134.0,45767.0
48805.0,52101.0,54932.0,45747.0
50438.0,52216.0,52853.0,46035.0
50301.0,51708.0,52658.0,46540.0
53062.0,51644.0,49053.0,46339.0
54151.0,50888.0,47192.0,46409.0
52132.0,51655.0,49613.0,45156.0
51550.0,51927.0,50320.0,44990.0
51902.0,51784.0,50311.0,45799.0
53396.0,52223.0,49002.0,45639.0
52568.0,51256.0,49439.0,47408.0
46958.0,50564.0,55199.0,48234.0
46613.0,52933.0,55614.0,44994.0
47456.0,50324.0,55208.0,48180.0
45625.0,52798.0,55710.0,45046.0
49810.0,49075.0,52776.0,49405.0
47473.0,50089.0,54985.0,48240.0
49488.0,49825.0,53041.0,49689.0
49652.0,50959.0,52718.0,48019.0
50115.0,53266.0,52439.0,44966.0
49034.0,51156.0,53645.0,46483.0
50164.0,50685.0,52814.0,48011.0
50832.0,50474.0,52259.0,48745.0
48326.0,53184.0,54443.0,46185.0
51949.0,51083.0,51941.0,47767.0
56076.0,51063.0,47621.0,49312.0
55526.0,51520.0,49287.0,49682.0
55927.0,52108.0,49327.0,50964.0
55603.0,51465.0,51297.0,52162.0
57141.0,49223.0,50484.0,55258.0
55888.0,52403.0,52685.0,53780.0
52358.0,56572.0,57564.0,49975.0
50522.0,56955.0,58806.0,50705.0
52945.0,53668.0,58116.0,55333.0
50671.0,56297.0,60330.0,52794.0
54102.0,56754.0,56807.0,52625.0
54588.0,56557.0,56224.0,52666.0
54386.0,57748.0,56973.0,49125.0
58625.0,55720.0,52083.0,53708.0
58397.0,56855.0,53589.0,53455.0
53496.0,60217.0,59197.0,49694.0
50245.0,59417.0,61804.0,52212.0
50443.0,60370.0,62153.0,51213.0
53745.0,61914.0,60707.0,49390.0
58512.0,60139.0,56592.0,52417.0
57064.0,56540.0,58460.0,58221.0
56576.0,58747.0,59876.0,55749.0
57151.0,60058.0,59895.0,54935.0
56701.0,59738.0,60213.0,55580.0
59674.0,60638.0,57227.0,55787.0
53017.0,59514.0,62602.0,56652.0
56096.0,56852.0,61161.0,59209.0
54023.0,56926.0,61678.0,58636.0
55129.0,58844.0,60308.0,56035.0
50072.0,57003.0,62845.0,55795.0
55118.0,54663.0,57606.0,55858.0
56823.0,52854.0,54372.0,56216.0
54614.0,52844.0,53768.0,54946.0
51530.0,54129.0,55011.0,50909.0
54480.0,45118.0,50593.0,57430.0
45970.0,51260.0,57445.0,50233.0
47789.0,50943.0,54181.0,51457.0
41462.0,53230.0,58532.0,47560.0
47498.0,47286.0,54173.0,51393.0
43246.0,53808.0,56151.0,42290.0
46781.0,51971.0,52788.0,43253.0
44558.0,47777.0,53177.0,48175.0
45860.0,49513.0,52572.0,45185.0
47916.0,47688.0,50991.0,45950.0
50347.0,48447.0,47783.0,45483.0
50518.0,48613.0,47334.0,45514.0
52127.0,47959.0,45514.0,46111.0
50066.0,46807.0,48462.0,46695.0
48516.0,47903.0,49002.0,45673.0
51463.0,48071.0,46317.0,45387.0
51066.0,47682.0,46991.0,45458.0
50682.0,46985.0,49956.0,43052.0
47423.0,48032.0,50763.0,45580.0
45539.0,49064.0,53047.0,44404.0
44885.0,49749.0,53369.0,43754.0
49489.0,47186.0,49230.0,46744.0
46296.0,47348.0,52033.0,46559.0
48502.0,47266.0,48966.0,46404.0
49928.0,48634.0,48421.0,44528.0
49340.0,47952.0,48976.0,44716.0
52085.0,44637.0,45231.0,48591.0
49637.0,48904.0,47981.0,44410.0
52975.0,49081.0,44848.0,44545.0
50080.0,49313.0,48886.0,44104.0
51278.0,49709.0,48412.0,44982.0
50807.0,49696.0,49698.0,46052.0
49174.0,51229.0,52000.0,45099.0
50954.0,49960.0,50511.0,46897.0
50321.0,49377.0,51739.0,47948.0
49752.0,49603.0,52477.0,48232.0
49699.0,50694.0,52250.0,47206.0
50115.0,50501.0,52190.0,46888.0
48973.0,51798.0,53822.0,43947.0
52513.0,49149.0,49738.0,48717.0
51492.0,51482.0,50796.0,46120.0
51710.0,51906.0,50826.0,45692.0
52979.0,53390.0,49671.0,43302.0
50965.0,52057.0,52118.0,43842.0
52055.0,51897.0,50876.0,45950.0
51710.0,52822.0,51293.0,45755.0
53347.0,51976.0,49886.0,46890.0
50007.0,50873.0,53834.0,47019.0
49481.0,53087.0,54391.0,45732.0
50728.0,51637.0,53194.0,47700.0
47114.0,53076.0,55974.0,45816.0
51420.0,48937.0,53718.0,48630.0
52217.0,50900.0,50962.0,47802.0
51162.0,51250.0,51405.0,47324.0
46488.0,53887.0,55073.0,42687.0
53774.0,50636.0,48197.0,47282.0
48451.0,51860.0,53060.0,44392.0
46849.0,50624.0,53474.0,44884.0
46389.0,51887.0,53613.0,42371.0
48501.0,50325.0,51604.0,44500.0
50682.0,49937.0,48615.0,45019.0
47798.0,50696.0,51830.0,44096.0
45489.0,51689.0,53575.0,42657.0
45434.0,51711.0,53355.0,41814.0
46877.0,50622.0,51201.0,42939.0
46324.0,49797.0,51425.0,44085.0
47694.0,49093.0,50614.0,43437.0
49892.0,47867.0,47926.0,45164.0
49068.0,48915.0,48237.0,44535.0
47410.0,49972.0,50609.0,43319.0
50619.0,47065.0,46819.0,46690.0
48862.0,49301.0,49752.0,44362.0
50867.0,47427.0,47920.0,46290.0
51265.0,48022.0,47805.0,46800.0
50494.0,50681.0,49769.0,44312.0
47458.0,49174.0,53227.0,46145.0
51201.0,47127.0,49800.0,49122.0
50263.0,49825.0,50885.0,46837.0
52691.0,50104.0,48403.0,47217.0
50022.0,47387.0,51619.0,50435.0
51784.0,51535.0,50397.0,46609.0
51921.0,50331.0,50431.0,48368.0
52292.0,53559.0,50371.0,44893.0
52798.0,52126.0,49888.0,47119.0
53370.0,51133.0,49715.0,48581.0
53543.0,51199.0,49990.0,48670.0
52033.0,52134.0,52469.0,48540.0
54255.0,50912.0,50538.0,50421.0
53107.0,51741.0,52509.0,50112.0
53441.0,52001.0,53156.0,50850.0
53929.0,52468.0,53181.0,51256.0
55373.0,51768.0,52137.0,53106.0
54346.0,53712.0,54075.0,51333.0
56325.0,54047.0,52270.0,51628.0
56202.0,54965.0,52959.0,51491.0
56948.0,56469.0,52907.0,50604.0
56700.0,56696.0,53879.0,51226.0
56785.0,57587.0,54981.0,51516.0
57996.0,58008.0,55204.0,52873.0
58429.0,58179.0,55619.0,53827.0
58898.0,58282.0,57049.0,55721.0
57417.0,58801.0,59463.0,56229.0
57150.0,58095.0,60283.0,57646.0
57628.0,58072.0,60436.0,58351.0
58623.0,58186.0,59047.0,57988.0
60977.0,58975.0,55400.0,57059.0
57977.0,59741.0,59040.0,56589.0
59652.0,57553.0,58085.0,59563.0
59195.0,57660.0,58248.0,59078.0
57477.0,58377.0,60386.0,58705.0
60895.0,59498.0,56471.0,56639.0
58488.0,58864.0,58852.0,57360.0
59680.0,59205.0,58392.0,57715.0
62088.0,59458.0,54952.0,57699.0
57604.0,57934.0,60195.0,58699.0
56171.0,58994.0,60029.0,55824.0
56241.0,58843.0,59411.0,55320.0
57503.0,57841.0,57007.0,55642.0
56428.0,58011.0,57886.0,53926.0
57546.0,56680.0,55261.0,53972.0
55622.0,55234.0,55098.0,53661.0
54148.0,56415.0,55251.0,50929.0
51629.0,56664.0,57706.0,50272.0
52463.0,54812.0,56496.0,51669.0
52306.0,54270.0,55536.0,51643.0
53972.0,53064.0,53609.0,52460.0
50491.0,54535.0,55942.0,49428.0
52452.0,54001.0,53937.0,49386.0
52123.0,53241.0,54046.0,49529.0
53188.0,53212.0,52456.0,48745.0
50814.0,53068.0,54448.0,47119.0
50065.0,52373.0,54776.0,47506.0
52293.0,53272.0,53046.0,46645.0
52363.0,54202.0,52717.0,45805.0
52273.0,52554.0,53309.0,47855.0
53948.0,52541.0,52245.0,48792.0
54074.0,52207.0,53213.0,50224.0
52353.0,52688.0,55530.0,50675.0
54161.0,52582.0,54707.0,52391.0
55137.0,49886.0,53736.0,54938.0
55259.0,52856.0,54299.0,53077.0
52529.0,53248.0,57066.0,51672.0
53409.0,53556.0,55742.0,52090.0
51932.0,53034.0,56967.0,52182.0
51075.0,51607.0,57043.0,52273.0
54176.0,54162.0,53295.0,48174.0
53604.0,52649.0,52688.0,48594.0
49933.0,52388.0,55179.0,47467.0
50506.0,51473.0,54124.0,47766.0
49954.0,51253.0,53642.0,46944.0
50280.0,51380.0,53145.0,46033.0
52497.0,52006.0,50992.0,45991.0
51551.0,50281.0,51806.0,47969.0
51279.0,49141.0,52285.0,49380.0
52277.0,51387.0,51498.0,47224.0
53210.0,50386.0,50406.0,48014.0
50261.0,50763.0,53104.0,46995.0
53198.0,49866.0,50486.0,48246.0
50444.0,50826.0,52527.0,46306.0
51899.0,49754.0,50686.0,47195.0
51515.0,51637.0,50968.0,44482.0
51434.0,49744.0,50127.0,45923.0
51029.0,50165.0,49666.0,44401.0
51082.0,49470.0,48621.0,43975.0
51545.0,48856.0,47276.0,43550.0
47058.0,48661.0,51516.0,42924.0
49697.0,45920.0,47807.0,45013.0
50022.0,46677.0,46840.0,43336.0
47863.0,48732.0,48760.0,40739.0
46601.0,46000.0,48920.0,42882.0
44042.0,46891.0,49927.0,40077.0
44241.0,47248.0,48533.0,38442.0
46232.0,46147.0,45770.0,38197.0
42158.0,44412.0,48105.0,38871.0
42240.0,43806.0,46066.0,37171.0
44683.0,43435.0,42525.0,36530.0
44797.0,42795.0,41894.0,35756.0
39856.0,40788.0,46208.0,37657.0
39934.0,45000.0,45712.0,31839.0
44031.0,40151.0,41441.0,37929.0
42354.0,41336.0,42847.0,36020.0
40461.0,42756.0,44361.0,34272.0
36164.0,39437.0,47838.0,38041.0
42101.0,43532.0,42174.0,32643.0
44295.0,40090.0,39847.0,36341.0
38339.0,42121.0,45415.0,34112.0
41770.0,41133.0,42186.0,35047.0
42424.0,39819.0,40535.0,35705.0
37906.0,42269.0,44885.0,32320.0
40452.0,41526.0,43520.0,34835.0
43048.0,42685.0,41083.0,33628.0
33379.0,44845.0,49056.0,31511.0
45420.0,41575.0,39307.0,35571.0
41964.0,41316.0,43661.0,36782.0
38512.0,43614.0,47046.0,34800.0
47623.0,43830.0,40157.0,37037.0
42207.0,39426.0,46882.0,42452.0
42033.0,41588.0,48189.0,41223.0
47489.0,41755.0,42228.0,41557.0
42520.0,46480.0,46976.0,36793.0
44163.0,43993.0,46769.0,40534.0
48064.0,45430.0,44136.0,39620.0
43124.0,43401.0,49665.0,43181.0
46595.0,48526.0,47502.0,38439.0
51066.0,43907.0,42518.0,44843.0
48321.0,47019.0,46495.0,40837.0
45054.0,45737.0,49694.0,42809.0
47454.0,48304.0,47866.0,40387.0
47567.0,47459.0,47090.0,42412.0
48552.0,46748.0,47552.0,43329.0
48946.0,46609.0,48338.0,44764.0
48331.0,48850.0,49632.0,43079.0
49000.0,48099.0,49277.0,45390.0
51072.0,45972.0,48807.0,48327.0
51482.0,48503.0,49163.0,46900.0
48856.0,50187.0,52488.0,46294.0
50519.0,50185.0,51345.0,47897.0
52136.0,51364.0,51037.0,46972.0
54091.0,49945.0,49990.0,49635.0
52878.0,50966.0,51966.0,49698.0
53624.0,51573.0,52052.0,49569.0
54030.0,52493.0,51748.0,49881.0
54854.0,51551.0,52107.0,51563.0
55023.0,52304.0,52467.0,51517.0
54653.0,53620.0,53625.0,51211.0
54461.0,54903.0,53869.0,50440.0
55965.0,54418.0,52867.0,51340.0
55854.0,55418.0,53668.0,51193.0
55870.0,55183.0,54324.0,52097.0
56008.0,55519.0,54414.0,52578.0
56892.0,54642.0,54604.0,54251.0
56562.0,55836.0,55782.0,53590.0
57122.0,55943.0,55578.0,54108.0
57453.0,55848.0,55618.0,54992.0
57908.0,54667.0,55170.0,55877.0
57854.0,54247.0,55131.0,55982.0
57196.0,54042.0,55824.0,56246.0
56697.0,54315.0,55726.0,55852.0
58587.0,53557.0,54366.0,56916.0
55166.0,55540.0,58009.0,54957.0
54193.0,54688.0,58491.0,55144.0
56344.0,54671.0,56803.0,55097.0
57405.0,55155.0,56253.0,54858.0
57394.0,55457.0,56633.0,54954.0
56480.0,55176.0,58034.0,55561.0
58076.0,54619.0,56079.0,55418.0
56905.0,52503.0,56395.0,56819.0
58156.0,53011.0,55705.0,56581.0
57539.0,51958.0,56817.0,57148.0
57696.0,54131.0,56000.0,55645.0
56855.0,52075.0,56329.0,56820.0
57087.0,51603.0,54964.0,56373.0
56739.0,50577.0,56073.0,56658.0
54053.0,58525.0,57931.0,46586.0
55141.0,52143.0,55700.0,53931.0
55291.0,52461.0,55279.0,53399.0
54969.0,52862.0,56067.0,52752.0
55725.0,55244.0,55065.0,50057.0
56466.0,55190.0,53474.0,49797.0
56895.0,52624.0,52527.0,52432.0
57058.0,55657.0,52786.0,48340.0
55539.0,54423.0,54160.0,49896.0
55424.0,52786.0,54908.0,51014.0
54378.0,56859.0,54413.0,47613.0
55644.0,52164.0,53859.0,52105.0
56584.0,52576.0,52857.0,52433.0
55783.0,51861.0,55336.0,53088.0
53875.0,54867.0,56910.0,51743.0
54664.0,55143.0,56792.0,51755.0
55755.0,55552.0,55960.0,51722.0
55265.0,57186.0,57022.0,50118.0
57701.0,56216.0,55508.0,52815.0
57751.0,55341.0,56473.0,54394.0
56648.0,56961.0,57934.0,53207.0
57122.0,55855.0,56866.0,53365.0
56467.0,56871.0,57345.0,52377.0
54343.0,54793.0,58816.0,54255.0
54768.0,56502.0,57921.0,52287.0
54477.0,57605.0,57564.0,50222.0
55238.0,57014.0,56814.0,50480.0
55951.0,58242.0,55290.0,48343.0
53035.0,57474.0,56775.0,48074.0
51970.0,57887.0,56736.0,46252.0
52970.0,56681.0,55313.0,47488.0
54037.0,56117.0,54493.0,48433.0
52489.0,55298.0,55901.0,49488.0
52219.0,54957.0,55814.0,49544.0
51611.0,52936.0,55829.0,51230.0
51781.0,53650.0,56094.0,50978.0
53463.0,54484.0,55114.0,50813.0
53846.0,53805.0,55361.0,52144.0
51676.0,55185.0,57242.0,50322.0
51268.0,55894.0,57827.0,48631.0
51845.0,56362.0,57269.0,48628.0
52493.0,57056.0,56948.0,47928.0
53470.0,56372.0,56323.0,48831.0
53061.0,57812.0,56643.0,46758.0
53867.0,56846.0,56091.0,48920.0
54515.0,57853.0,55976.0,48079.0
52664.0,56845.0,57502.0,48934.0
51625.0,56645.0,58214.0,49064.0
52367.0,56465.0,57679.0,49731.0
52531.0,55932.0,57534.0,50254.0
53466.0,56243.0,57277.0,50664.0
54147.0,56175.0,57362.0,51887.0
56378.0,55509.0,55823.0,53429.0
54151.0,56212.0,57923.0,52656.0
53925.0,56500.0,57810.0,51792.0
53412.0,57348.0,58095.0,50637.0
54822.0,56561.0,56791.0,51335.0
55672.0,56520.0,56101.0,51419.0
57099.0,56525.0,55290.0,51864.0
55503.0,57729.0,57119.0,50791.0
54958.0,57516.0,57469.0,50770.0
55340.0,56867.0,57296.0,51652.0
54827.0,55045.0,57304.0,53917.0
53913.0,59147.0,58416.0,48397.0
58360.0,55631.0,53236.0,52453.0
55503.0,58324.0,55903.0,48477.0
57706.0,54692.0,53087.0,52381.0
53116.0,55995.0,56472.0,49171.0
51341.0,56500.0,57099.0,47471.0
55414.0,53461.0,53049.0,50741.0
53620.0,53946.0,55204.0,48946.0
52814.0,52487.0,55458.0,51128.0
52561.0,54278.0,55127.0,48851.0
54788.0,52939.0,52638.0,50170.0
54388.0,50238.0,53306.0,51082.0
51807.0,51751.0,53865.0,49142.0
50472.0,50326.0,52882.0,48831.0
51538.0,51568.0,51696.0,45775.0
48987.0,48874.0,53028.0,47383.0
47230.0,48594.0,53430.0,46503.0
49256.0,48220.0,50204.0,46355.0
49620.0,50198.0,50122.0,42982.0
47765.0,46876.0,51130.0,45251.0
46220.0,47028.0,51332.0,44224.0
46444.0,46121.0,50234.0,44156.0
47532.0,47341.0,48618.0,41806.0
47350.0,44823.0,48517.0,43116.0
45742.0,44106.0,49481.0,43334.0
45320.0,43860.0,48661.0,43003.0
45997.0,45217.0,47089.0,41517.0
45942.0,44318.0,47427.0,41028.0
46627.0,42877.0,46571.0,42617.0
44286.0,45305.0,47680.0,40435.0
45001.0,46128.0,46847.0,38765.0
46996.0,43876.0,45697.0,39757.0
45842.0,44691.0,46696.0,39939.0
46286.0,44304.0,45999.0,40061.0
46376.0,44933.0,45577.0,39714.0
45349.0,46650.0,47164.0,37515.0
44761.0,44164.0,48001.0,40270.0
43722.0,44739.0,48450.0,39828.0
44909.0,44558.0,47144.0,40661.0
44638.0,44006.0,47727.0,40344.0
43405.0,42564.0,49021.0,41378.0
44171.0,43621.0,47856.0,40440.0
46371.0,43848.0,46073.0,40514.0
44991.0,43013.0,47109.0,41150.0
44592.0,43549.0,47690.0,39288.0
42499.0,44357.0,48808.0,39304.0
45172.0,43372.0,46770.0,40837.0
44351.0,44870.0,46989.0,39809.0
45344.0,45376.0,47058.0,38807.0
44976.0,47298.0,48576.0,35723.0
45254.0,47887.0,47546.0,36701.0
45503.0,44198.0,46811.0,41338.0
44943.0,47834.0,48319.0,37224.0
46417.0,44659.0,47456.0,41679.0
43819.0,47332.0,49878.0,38461.0
43383.0,46587.0,50021.0,39127.0
45325.0,46242.0,48451.0,39854.0
47361.0,45322.0,47574.0,40172.0
44112.0,45065.0,49965.0,41724.0
42468.0,46488.0,50265.0,40101.0
45060.0,46278.0,48660.0,39853.0
43183.0,46576.0,50252.0,39332.0
41715.0,47950.0,50927.0,36787.0
40506.0,46546.0,50524.0,38496.0
43903.0,45758.0,49436.0,39592.0
46600.0,43999.0,47404.0,42719.0
46882.0,45086.0,47654.0,41163.0
48413.0,44842.0,46147.0,42271.0
47997.0,44307.0,46767.0,42855.0
49190.0,46921.0,46537.0,39487.0
48074.0,44793.0,47308.0,43241.0
46981.0,46215.0,48092.0,41349.0
47266.0,46751.0,47886.0,40576.0
46180.0,45967.0,49375.0,41875.0
46615.0,47749.0,49465.0,40616.0
45766.0,47905.0,49899.0,41640.0
47199.0,46554.0,50173.0,43724.0
47462.0,49026.0,50976.0,41189.0
47769.0,49198.0,50682.0,42274.0
49638.0,47407.0,49204.0,45651.0
51219.0,49261.0,49335.0,43689.0
50467.0,48152.0,50884.0,46244.0
51239.0,49646.0,50690.0,45884.0
51438.0,51651.0,50973.0,44750.0
52570.0,48685.0,50914.0,48133.0
53067.0,47748.0,51095.0,50856.0
54038.0,50875.0,51057.0,48388.0
53886.0,50949.0,51687.0,49343.0
53899.0,50365.0,52100.0,50669.0
53976.0,51372.0,53318.0,50378.0
54044.0,51773.0,53732.0,51274.0
53643.0,53163.0,54567.0,50773.0
53876.0,53572.0,55020.0,51172.0
55514.0,53024.0,54302.0,52342.0
54687.0,54103.0,55879.0,52479.0
55364.0,54737.0,55921.0,52540.0
55607.0,55444.0,56251.0,52696.0
55890.0,56285.0,56685.0,52857.0
55776.0,56841.0,57602.0,53084.0
55667.0,57063.0,57819.0,53564.0
57701.0,57594.0,57049.0,54345.0
57455.0,57303.0,57580.0,55126.0
58803.0,57269.0,56752.0,55821.0
58995.0,56144.0,56239.0,56695.0
60392.0,55046.0,54972.0,57912.0
58367.0,55114.0,57389.0,58272.0
58153.0,56141.0,58208.0,57913.0
58000.0,55596.0,58309.0,58259.0
58697.0,56760.0,57524.0,57350.0
58266.0,56307.0,59001.0,58387.0
56768.0,55685.0,60318.0,58550.0
59257.0,56730.0,59049.0,58554.0
61480.0,56887.0,56835.0,58900.0
59114.0,57017.0,58738.0,57955.0
58521.0,57202.0,58681.0,57085.0
59067.0,57623.0,58822.0,56924.0
57701.0,56141.0,58481.0,56656.0
57319.0,54364.0,57850.0,57422.0
57634.0,52540.0,55720.0,56954.0
55136.0,52893.0,57390.0,55371.0
56592.0,52652.0,55166.0,55206.0
54180.0,50893.0,56348.0,55071.0
53757.0,51232.0,55942.0,53937.0
53610.0,53712.0,55510.0,50697.0
53014.0,53623.0,55198.0,49660.0
51633.0,52992.0,55830.0,49508.0
51626.0,53267.0,55676.0,48727.0
51964.0,51404.0,55198.0,49988.0
53357.0,51530.0,53182.0,49230.0
51353.0,48671.0,53896.0,50529.0
46557.0,49312.0,56315.0,48781.0
50525.0,46790.0,53484.0,50214.0
50940.0,49136.0,53001.0,48026.0
51800.0,45822.0,51270.0,50315.0
52625.0,47893.0,50350.0,48353.0
52408.0,46882.0,50738.0,48666.0
51467.0,50244.0,51072.0,45639.0
50009.0,48979.0,52347.0,46402.0
45654.0,52053.0,55806.0,43094.0
49130.0,49285.0,53568.0,46990.0
45340.0,54604.0,55894.0,41858.0
47561.0,51382.0,55695.0,45989.0
50639.0,51332.0,54486.0,47467.0
47724.0,53272.0,57353.0,45341.0
50984.0,53055.0,55117.0,46765.0
50893.0,50828.0,55927.0,50267.0
53721.0,52672.0,54600.0,49327.0
55217.0,51790.0,51353.0,52031.0
54949.0,54275.0,53207.0,49688.0
54489.0,51800.0,55304.0,50875.0
55322.0,53831.0,54071.0,50121.0
55883.0,55675.0,54004.0,48692.0
54961.0,58167.0,54643.0,47399.0
56126.0,56254.0,54786.0,49594.0
56353.0,57269.0,54086.0,49193.0
55530.0,55400.0,55153.0,51294.0
54299.0,55503.0,56696.0,50627.0
52672.0,57077.0,58388.0,49735.0
53312.0,57312.0,58628.0,50704.0
55394.0,56791.0,57806.0,52666.0
55938.0,57259.0,57803.0,52580.0
58333.0,58299.0,54905.0,53394.0
58186.0,56354.0,55511.0,54660.0
58484.0,56385.0,55009.0,54701.0
55756.0,56586.0,58439.0,54691.0
56875.0,58812.0,57529.0,53893.0
57348.0,57377.0,58024.0,55509.0
57727.0,57119.0,57376.0,55502.0
58213.0,58137.0,56719.0,54909.0
57106.0,58464.0,58158.0,54366.0
58082.0,57982.0,57189.0,54578.0
60527.0,56800.0,52852.0,56234.0
57346.0,57651.0,56853.0,55039.0
56630.0,58477.0,57453.0,54409.0
55855.0,59635.0,58506.0,53014.0
56802.0,59087.0,57622.0,52417.0
57287.0,59388.0,57095.0,52428.0
